Iteration;Time;BestFitness;LRM-LLH0;LRM-LLH1;LRM-LLH2;LRM-LLH3;LRM-LLH4;LRM-LLH5;LRM-LLH6;LRM-LLH7;LRM-LLH8;LRM-LLH9;LRM-LLH10;
1;0,017;410,0;1,0;1,0;1,0;1,0;1,0;1,0;1,0;1,0;1,0;1,0;1,0
2;0,023;409,0;1,0;1,0;1,0;1,0;1,0;1,0;1,0;1,0;1,0;1,0;1,0
4;0,03;408,0;1,0;1,0;1,0;1,0;1,0;1,0;1,0;1,0;1,0;1,0;1,0
5;0,068;402,0;34,0;1,0;1,0;1,0;1,0;1,0;1,0;1,0;1,0;1,0;1,0
7;0,072;401,0;34,0;1,0;1,0;1,0;1,0;1,0;1,0;1,0;1,0;1,0;1,0
8;0,08;400,0;34,0;1,0;1,0;1,0;1,0;1,0;1,0;1,0;1,0;1,0;1,0
12;0,085;391,0;34,0;1,0;1,0;1,0;1,0;1,0;1,0;1,0;3,0;1,0;2,0
13;0,09;384,0;34,0;1,0;1,0;1,0;1,0;1,0;1,0;1,0;3,0;1,0;2,0
15;0,12;378,0;34,0;59,0;1,0;1,0;1,0;1,0;1,0;1,0;3,0;1,0;2,0
19;0,127;374,0;34,0;59,0;1,0;1,0;1,0;1,0;1,0;1,0;2,0;1,0;2,0
20;0,133;370,0;34,0;59,0;1,0;1,0;1,0;1,0;1,0;1,0;2,0;1,0;2,0
23;0,137;358,0;34,0;59,0;1,0;1,0;1,0;1,0;1,0;1,0;2,0;1,0;2,0
24;0,139;351,0;34,0;59,0;1,0;1,0;1,0;1,0;1,0;1,0;2,0;1,0;2,0
25;0,153;347,0;34,0;59,0;27,0;1,0;1,0;1,0;1,0;1,0;2,0;1,0;2,0
29;0,156;336,0;34,0;59,0;27,0;1,0;1,0;1,0;1,0;1,0;2,0;2,0;2,0
36;0,16;334,0;34,0;59,0;27,0;2,0;1,0;1,0;1,0;1,0;3,0;1,0;1,0
37;0,163;331,0;34,0;59,0;27,0;2,0;1,0;6,0;1,0;1,0;3,0;1,0;1,0
39;0,168;329,0;34,0;59,0;27,0;2,0;1,0;5,0;1,0;1,0;3,0;1,0;1,0
40;0,174;328,0;34,0;59,0;27,0;2,0;1,0;4,0;1,0;1,0;3,0;1,0;1,0
41;0,177;327,0;34,0;59,0;27,0;2,0;1,0;4,0;1,0;1,0;3,0;1,0;1,0
44;0,18;324,0;34,0;59,0;27,0;2,0;1,0;5,0;1,0;1,0;3,0;1,0;1,0
46;0,182;315,0;34,0;59,0;27,0;2,0;1,0;5,0;1,0;1,0;5,0;1,0;2,0
48;0,185;313,0;34,0;59,0;27,0;2,0;1,0;5,0;1,0;1,0;5,0;1,0;2,0
49;0,187;308,0;34,0;59,0;27,0;2,0;1,0;5,0;1,0;1,0;5,0;1,0;2,0
50;0,19;306,0;34,0;59,0;27,0;2,0;1,0;5,0;1,0;1,0;5,0;1,0;2,0
51;0,192;302,0;34,0;59,0;27,0;2,0;1,0;5,0;1,0;1,0;5,0;1,0;2,0
52;0,194;300,0;34,0;59,0;27,0;2,0;1,0;5,0;1,0;1,0;5,0;1,0;2,0
53;0,196;295,0;34,0;59,0;27,0;2,0;1,0;4,0;1,0;1,0;5,0;1,0;2,0
55;0,198;292,0;34,0;59,0;27,0;2,0;1,0;5,0;1,0;1,0;5,0;1,0;2,0
56;0,202;289,0;34,0;59,0;27,0;2,0;1,0;5,0;1,0;1,0;5,0;1,0;2,0
57;0,207;286,0;34,0;59,0;27,0;2,0;1,0;5,0;1,0;1,0;5,0;1,0;2,0
62;0,213;285,0;34,0;59,0;27,0;2,0;2,0;5,0;1,0;1,0;6,0;1,0;2,0
63;0,215;284,0;34,0;59,0;27,0;2,0;2,0;5,0;1,0;1,0;5,0;1,0;2,0
67;0,218;282,0;34,0;59,0;27,0;2,0;2,0;5,0;1,0;1,0;5,0;1,0;2,0
68;0,22;281,0;34,0;59,0;27,0;2,0;2,0;5,0;1,0;1,0;5,0;1,0;2,0
69;0,222;276,0;34,0;59,0;27,0;2,0;2,0;5,0;1,0;1,0;5,0;1,0;2,0
71;0,224;275,0;34,0;59,0;27,0;2,0;2,0;5,0;3,0;1,0;5,0;1,0;2,0
74;0,226;271,0;34,0;59,0;27,0;2,0;2,0;5,0;3,0;1,0;5,0;1,0;2,0
77;0,229;268,0;34,0;59,0;27,0;2,0;2,0;5,0;3,0;1,0;6,0;1,0;2,0
81;0,232;266,0;34,0;59,0;27,0;2,0;2,0;5,0;3,0;1,0;6,0;1,0;2,0
86;0,234;261,0;34,0;59,0;27,0;2,0;2,0;5,0;3,0;1,0;6,0;1,0;1,0
89;0,236;259,0;34,0;59,0;27,0;2,0;2,0;5,0;3,0;1,0;6,0;1,0;1,0
93;0,239;257,0;34,0;59,0;27,0;2,0;2,0;5,0;3,0;1,0;6,0;1,0;1,0
95;0,241;252,0;34,0;59,0;27,0;2,0;2,0;5,0;3,0;1,0;6,0;1,0;1,0
96;0,243;249,0;34,0;59,0;27,0;2,0;2,0;5,0;3,0;1,0;6,0;1,0;1,0
97;0,245;246,0;34,0;59,0;27,0;2,0;2,0;5,0;3,0;1,0;6,0;1,0;1,0
100;0,251;244,0;34,0;59,0;27,0;2,0;2,0;5,0;3,0;1,0;6,0;1,0;1,0
101;0,256;239,0;34,0;59,0;27,0;2,0;2,0;5,0;3,0;1,0;6,0;1,0;1,0
102;0,262;236,0;34,0;59,0;27,0;2,0;2,0;5,0;3,0;1,0;6,0;1,0;1,0
104;0,265;233,0;34,0;59,0;27,0;2,0;2,0;5,0;3,0;1,0;6,0;1,0;1,0
105;0,267;229,0;34,0;59,0;27,0;2,0;2,0;5,0;3,0;1,0;6,0;1,0;1,0
106;0,27;223,0;34,0;59,0;27,0;2,0;2,0;5,0;3,0;1,0;6,0;1,0;1,0
109;0,273;220,0;34,0;59,0;27,0;2,0;2,0;5,0;3,0;1,0;6,0;1,0;1,0
114;0,276;219,0;34,0;59,0;27,0;2,0;2,0;5,0;3,0;1,0;6,0;1,0;1,0
116;0,279;217,0;34,0;59,0;27,0;2,0;2,0;5,0;3,0;1,0;6,0;1,0;1,0
120;0,281;213,0;34,0;59,0;27,0;2,0;2,0;5,0;3,0;1,0;6,0;1,0;1,0
121;0,283;209,0;34,0;59,0;27,0;2,0;2,0;5,0;3,0;1,0;6,0;1,0;1,0
122;0,285;205,0;34,0;59,0;27,0;2,0;2,0;5,0;3,0;1,0;6,0;1,0;1,0
123;0,287;202,0;34,0;59,0;27,0;2,0;2,0;5,0;3,0;1,0;6,0;1,0;1,0
124;0,29;197,0;34,0;59,0;27,0;2,0;2,0;5,0;3,0;1,0;6,0;1,0;1,0
125;0,292;196,0;34,0;59,0;27,0;3,0;2,0;5,0;3,0;1,0;6,0;1,0;1,0
126;0,294;195,0;34,0;59,0;27,0;3,0;2,0;5,0;3,0;1,0;6,0;1,0;1,0
127;0,296;192,0;34,0;59,0;27,0;3,0;2,0;5,0;3,0;1,0;6,0;1,0;1,0
128;0,298;190,0;34,0;59,0;27,0;3,0;2,0;5,0;3,0;1,0;6,0;1,0;1,0
132;0,3;188,0;34,0;59,0;27,0;3,0;2,0;5,0;3,0;1,0;6,0;1,0;1,0
135;0,303;186,0;34,0;59,0;27,0;3,0;2,0;4,0;3,0;1,0;6,0;1,0;1,0
137;0,306;183,0;34,0;59,0;27,0;3,0;2,0;4,0;3,0;1,0;6,0;1,0;1,0
138;0,308;181,0;34,0;59,0;27,0;3,0;2,0;4,0;3,0;1,0;6,0;1,0;1,0
139;0,309;175,0;34,0;59,0;27,0;3,0;2,0;4,0;3,0;1,0;6,0;1,0;1,0
141;0,314;173,0;34,0;59,0;27,0;3,0;2,0;4,0;3,0;1,0;6,0;1,0;1,0
142;0,32;172,0;34,0;59,0;27,0;3,0;2,0;4,0;3,0;1,0;6,0;1,0;1,0
143;0,325;171,0;34,0;59,0;27,0;3,0;2,0;4,0;3,0;1,0;6,0;1,0;1,0
144;0,33;169,0;34,0;59,0;27,0;3,0;2,0;4,0;3,0;1,0;6,0;1,0;1,0
147;0,336;167,0;34,0;59,0;27,0;2,0;2,0;4,0;3,0;1,0;6,0;1,0;1,0
149;0,338;165,0;34,0;59,0;27,0;2,0;2,0;4,0;3,0;1,0;6,0;1,0;1,0
150;0,341;163,0;34,0;59,0;27,0;2,0;2,0;4,0;3,0;1,0;6,0;1,0;1,0
156;0,344;162,0;34,0;59,0;27,0;2,0;2,0;4,0;3,0;1,0;6,0;1,0;1,0
159;0,347;160,0;34,0;59,0;27,0;2,0;2,0;4,0;3,0;1,0;6,0;1,0;1,0
160;0,349;157,0;34,0;59,0;27,0;2,0;2,0;4,0;3,0;1,0;6,0;1,0;1,0
161;0,35;156,0;34,0;59,0;27,0;2,0;2,0;4,0;3,0;1,0;6,0;1,0;1,0
162;0,352;155,0;34,0;59,0;27,0;2,0;2,0;4,0;3,0;1,0;6,0;1,0;1,0
166;0,354;153,0;34,0;59,0;27,0;2,0;2,0;4,0;3,0;1,0;6,0;1,0;1,0
169;0,357;150,0;34,0;59,0;27,0;2,0;2,0;4,0;3,0;1,0;6,0;1,0;1,0
171;0,359;148,0;34,0;59,0;27,0;2,0;2,0;4,0;3,0;1,0;6,0;1,0;1,0
174;0,362;147,0;34,0;59,0;27,0;2,0;2,0;4,0;3,0;1,0;6,0;1,0;1,0
176;0,365;144,0;34,0;59,0;27,0;2,0;2,0;4,0;3,0;1,0;6,0;1,0;1,0
179;0,367;142,0;34,0;59,0;27,0;2,0;2,0;4,0;3,0;1,0;6,0;1,0;1,0
180;0,371;140,0;34,0;59,0;27,0;2,0;2,0;4,0;3,0;1,0;6,0;1,0;1,0
186;0,377;139,0;34,0;59,0;27,0;2,0;2,0;4,0;3,0;1,0;6,0;1,0;1,0
191;0,381;134,0;34,0;59,0;27,0;2,0;2,0;4,0;3,0;1,0;6,0;1,0;1,0
193;0,384;132,0;34,0;59,0;27,0;2,0;2,0;4,0;3,0;1,0;6,0;1,0;1,0
196;0,386;130,0;34,0;59,0;27,0;2,0;2,0;4,0;3,0;1,0;6,0;1,0;1,0
198;0,388;126,0;34,0;59,0;27,0;2,0;2,0;4,0;3,0;1,0;6,0;1,0;1,0
208;0,393;125,0;34,0;59,0;27,0;2,0;1,0;4,0;3,0;1,0;6,0;1,0;1,0
209;0,395;124,0;34,0;59,0;27,0;2,0;1,0;4,0;3,0;1,0;6,0;1,0;1,0
210;0,397;123,0;34,0;59,0;27,0;2,0;1,0;4,0;3,0;1,0;6,0;1,0;1,0
214;0,4;122,0;34,0;59,0;27,0;2,0;1,0;4,0;3,0;1,0;6,0;1,0;1,0
218;0,403;119,0;34,0;59,0;27,0;2,0;1,0;4,0;3,0;1,0;6,0;1,0;1,0
220;0,405;118,0;34,0;59,0;27,0;2,0;1,0;4,0;3,0;1,0;6,0;1,0;1,0
221;0,407;117,0;34,0;59,0;27,0;2,0;1,0;4,0;3,0;1,0;6,0;1,0;1,0
227;0,411;114,0;34,0;59,0;27,0;2,0;1,0;4,0;3,0;1,0;6,0;1,0;1,0
244;0,42;111,0;34,0;59,0;27,0;2,0;1,0;4,0;3,0;1,0;6,0;1,0;1,0
247;0,425;110,0;34,0;59,0;27,0;2,0;1,0;4,0;3,0;1,0;6,0;1,0;1,0
253;0,433;109,0;34,0;59,0;27,0;2,0;1,0;4,0;3,0;1,0;6,0;1,0;1,0
262;0,441;107,0;34,0;59,0;27,0;2,0;1,0;4,0;3,0;1,0;6,0;1,0;1,0
265;0,448;105,0;34,0;59,0;27,0;2,0;1,0;4,0;3,0;1,0;6,0;1,0;1,0
267;0,455;104,0;34,0;59,0;27,0;2,0;1,0;4,0;3,0;1,0;6,0;1,0;1,0
275;0,459;102,0;34,0;59,0;27,0;2,0;1,0;4,0;3,0;1,0;6,0;1,0;1,0
277;0,461;100,0;34,0;59,0;27,0;2,0;1,0;4,0;3,0;1,0;6,0;1,0;1,0
280;0,463;99,0;34,0;59,0;27,0;2,0;1,0;4,0;3,0;1,0;6,0;1,0;1,0
281;0,465;98,0;34,0;59,0;27,0;2,0;1,0;4,0;3,0;1,0;6,0;1,0;1,0
288;0,47;97,0;34,0;59,0;27,0;2,0;1,0;4,0;3,0;1,0;6,0;1,0;1,0
289;0,472;95,0;34,0;59,0;27,0;2,0;1,0;4,0;3,0;1,0;6,0;1,0;1,0
293;0,476;94,0;34,0;59,0;27,0;2,0;1,0;4,0;3,0;1,0;6,0;1,0;1,0
297;0,479;93,0;34,0;59,0;27,0;2,0;1,0;4,0;3,0;1,0;6,0;1,0;1,0
302;0,482;92,0;34,0;59,0;27,0;2,0;1,0;4,0;3,0;1,0;6,0;1,0;1,0
305;0,485;90,0;34,0;59,0;27,0;2,0;1,0;4,0;3,0;1,0;6,0;1,0;1,0
310;0,49;89,0;34,0;59,0;27,0;2,0;1,0;4,0;3,0;1,0;6,0;1,0;1,0
311;0,492;88,0;34,0;59,0;27,0;2,0;1,0;4,0;3,0;1,0;6,0;1,0;1,0
324;0,499;86,0;34,0;59,0;27,0;2,0;1,0;4,0;3,0;1,0;6,0;1,0;1,0
328;0,502;84,0;34,0;59,0;27,0;2,0;1,0;4,0;3,0;1,0;6,0;1,0;1,0
331;0,505;83,0;34,0;59,0;27,0;2,0;1,0;4,0;3,0;1,0;6,0;1,0;1,0
332;0,508;82,0;34,0;59,0;27,0;2,0;1,0;4,0;3,0;1,0;6,0;1,0;1,0
384;0,53;81,0;34,0;59,0;27,0;2,0;1,0;4,0;3,0;33,0;6,0;1,0;1,0
386;0,532;79,0;34,0;59,0;27,0;2,0;1,0;4,0;3,0;33,0;6,0;1,0;1,0
387;0,534;77,0;34,0;59,0;27,0;2,0;1,0;4,0;3,0;33,0;6,0;1,0;1,0
398;0,541;76,0;34,0;59,0;27,0;2,0;1,0;4,0;3,0;33,0;6,0;1,0;1,0
400;0,543;74,0;34,0;59,0;27,0;2,0;1,0;4,0;3,0;33,0;6,0;1,0;1,0
405;0,546;73,0;34,0;59,0;27,0;2,0;1,0;4,0;3,0;33,0;6,0;1,0;1,0
408;0,549;72,0;34,0;59,0;27,0;2,0;1,0;4,0;3,0;33,0;6,0;1,0;1,0
448;0,565;71,0;34,0;59,0;27,0;2,0;1,0;4,0;3,0;27,0;6,0;1,0;1,0
495;0,583;70,0;34,0;59,0;27,0;2,0;1,0;4,0;3,0;27,0;6,0;1,0;1,0
542;0,598;69,0;34,0;59,0;27,0;2,0;1,0;5,0;2,0;27,0;6,0;1,0;1,0
548;0,601;68,0;34,0;59,0;27,0;2,0;1,0;5,0;2,0;27,0;6,0;1,0;1,0
559;0,605;67,0;34,0;59,0;27,0;2,0;1,0;5,0;2,0;27,0;6,0;1,0;1,0
605;0,622;66,0;34,0;59,0;27,0;2,0;1,0;5,0;2,0;24,0;6,0;1,0;1,0
625;0,628;65,0;34,0;59,0;27,0;2,0;1,0;5,0;2,0;24,0;6,0;1,0;1,0
664;0,641;64,0;34,0;59,0;27,0;2,0;1,0;5,0;2,0;24,0;7,0;1,0;1,0
675;0,646;63,0;34,0;59,0;27,0;2,0;1,0;5,0;2,0;24,0;7,0;1,0;1,0
735;0,666;62,0;34,0;59,0;27,0;2,0;1,0;5,0;2,0;24,0;7,0;1,0;1,0
747;0,67;61,0;34,0;59,0;27,0;2,0;1,0;5,0;2,0;24,0;7,0;1,0;1,0
764;0,679;60,0;34,0;59,0;27,0;2,0;1,0;5,0;2,0;24,0;7,0;1,0;1,0
777;0,688;58,0;34,0;59,0;27,0;2,0;1,0;5,0;2,0;24,0;7,0;1,0;1,0
930;0,75;57,0;34,0;59,0;27,0;2,0;1,0;5,0;2,0;23,0;6,0;1,0;1,0
1000;0,78;57,0;34,0;59,0;27,0;2,0;1,0;4,0;2,0;18,0;6,0;1,0;1,0
1036;0,794;56,0;34,0;59,0;27,0;2,0;1,0;4,0;2,0;18,0;6,0;1,0;1,0
1060;0,825;55,0;297,0;59,0;27,0;2,0;1,0;4,0;2,0;18,0;6,0;1,0;1,0
1177;0,87;54,0;297,0;59,0;71,0;2,0;1,0;5,0;2,0;17,0;6,0;1,0;1,0
1249;0,894;53,0;297,0;59,0;71,0;2,0;1,0;5,0;2,0;17,0;7,0;1,0;1,0
1602;1,008;52,0;297,0;59,0;65,0;2,0;1,0;5,0;1,0;17,0;7,0;1,0;1,0
1606;1,011;51,0;297,0;59,0;65,0;2,0;1,0;5,0;1,0;17,0;7,0;1,0;1,0
1738;1,106;50,0;297,0;410,0;52,0;2,0;1,0;5,0;1,0;16,0;7,0;1,0;1,0
1760;1,137;49,0;307,0;410,0;52,0;2,0;1,0;5,0;1,0;15,0;7,0;1,0;1,0
2000;1,217;49,0;307,0;410,0;44,0;2,0;1,0;5,0;1,0;15,0;7,0;1,0;1,0
2243;1,332;48,0;373,0;410,0;44,0;2,0;1,0;5,0;1,0;15,0;7,0;1,0;1,0
2412;1,499;47,0;406,0;423,0;34,0;2,0;1,0;5,0;1,0;15,0;8,0;1,0;1,0
2435;1,623;46,0;431,0;429,0;34,0;2,0;1,0;5,0;1,0;15,0;8,0;1,0;1,0
2451;1,634;45,0;431,0;429,0;34,0;2,0;1,0;5,0;1,0;15,0;8,0;1,0;1,0
3000;2,386;45,0;487,0;396,0;32,0;2,0;1,0;5,0;1,0;15,0;8,0;1,0;1,0
3295;2,475;44,0;487,0;396,0;32,0;2,0;1,0;5,0;1,0;15,0;8,0;1,0;1,0
3351;2,496;43,0;487,0;396,0;32,0;2,0;1,0;5,0;1,0;15,0;8,0;1,0;1,0
3372;2,504;42,0;487,0;396,0;32,0;2,0;1,0;5,0;1,0;15,0;8,0;1,0;1,0
3380;2,509;41,0;487,0;396,0;32,0;2,0;1,0;5,0;1,0;15,0;8,0;1,0;1,0
3646;2,586;40,0;487,0;396,0;32,0;2,0;1,0;5,0;1,0;15,0;8,0;1,0;1,0
4000;3,308;40,0;557,0;475,0;32,0;2,0;1,0;5,0;1,0;15,0;8,0;1,0;1,0
5000;3,522;40,0;557,0;475,0;32,0;2,0;1,0;5,0;1,0;16,0;8,0;1,0;1,0
5459;3,629;411,0;557,0;475,0;32,0;2,0;1,0;5,0;1,0;16,0;8,0;1,0;1,0
5460;3,63;410,0;557,0;475,0;32,0;2,0;1,0;5,0;1,0;16,0;8,0;1,0;1,0
5465;3,634;409,0;557,0;475,0;32,0;2,0;1,0;5,0;1,0;16,0;8,0;1,0;1,0
5468;3,636;404,0;557,0;475,0;32,0;2,0;1,0;5,0;1,0;16,0;8,0;1,0;1,0
5472;3,637;403,0;557,0;475,0;32,0;2,0;1,0;5,0;1,0;16,0;8,0;1,0;1,0
5473;3,639;402,0;557,0;475,0;32,0;2,0;1,0;5,0;1,0;16,0;8,0;1,0;1,0
5475;3,64;399,0;557,0;475,0;32,0;2,0;1,0;5,0;1,0;16,0;8,0;1,0;1,0
5476;3,642;393,0;557,0;475,0;32,0;2,0;1,0;5,0;1,0;16,0;8,0;1,0;1,0
5477;3,643;389,0;557,0;475,0;32,0;2,0;1,0;5,0;1,0;16,0;8,0;1,0;1,0
5478;3,644;388,0;557,0;475,0;32,0;2,0;1,0;5,0;1,0;16,0;8,0;1,0;1,0
5480;3,647;385,0;557,0;475,0;32,0;2,0;1,0;5,0;1,0;16,0;8,0;1,0;1,0
5481;3,649;378,0;557,0;475,0;32,0;2,0;1,0;5,0;1,0;16,0;8,0;1,0;1,0
5482;3,65;375,0;557,0;475,0;32,0;2,0;1,0;5,0;1,0;16,0;8,0;1,0;1,0
5483;3,652;370,0;557,0;475,0;32,0;2,0;1,0;5,0;1,0;16,0;8,0;1,0;1,0
5486;3,654;367,0;557,0;475,0;32,0;2,0;1,0;5,0;1,0;16,0;8,0;1,0;1,0
5488;3,655;365,0;557,0;475,0;32,0;2,0;1,0;5,0;1,0;16,0;8,0;1,0;1,0
5489;3,657;364,0;557,0;475,0;32,0;2,0;1,0;5,0;1,0;16,0;8,0;1,0;1,0
5490;3,658;361,0;557,0;475,0;32,0;2,0;1,0;5,0;1,0;16,0;8,0;1,0;1,0
5491;3,66;358,0;557,0;475,0;32,0;2,0;1,0;5,0;1,0;16,0;8,0;1,0;1,0
5495;3,662;353,0;557,0;475,0;32,0;2,0;1,0;5,0;1,0;16,0;8,0;1,0;1,0
5497;3,663;350,0;557,0;475,0;32,0;2,0;1,0;5,0;1,0;16,0;8,0;1,0;1,0
5498;3,665;349,0;557,0;475,0;32,0;2,0;1,0;5,0;1,0;16,0;8,0;1,0;1,0
5499;3,666;346,0;557,0;475,0;32,0;2,0;1,0;5,0;1,0;16,0;8,0;1,0;1,0
5500;3,668;341,0;557,0;475,0;32,0;2,0;1,0;5,0;1,0;16,0;8,0;1,0;1,0
5501;3,67;336,0;557,0;475,0;32,0;1,0;1,0;5,0;1,0;16,0;8,0;1,0;1,0
5506;3,673;333,0;557,0;475,0;32,0;2,0;1,0;5,0;1,0;16,0;8,0;1,0;1,0
5508;3,675;330,0;557,0;475,0;32,0;2,0;1,0;5,0;1,0;16,0;8,0;1,0;1,0
5510;3,676;327,0;557,0;475,0;32,0;2,0;1,0;5,0;1,0;16,0;8,0;1,0;1,0
5512;3,678;325,0;557,0;475,0;32,0;2,0;1,0;5,0;1,0;16,0;8,0;1,0;1,0
5513;3,681;324,0;557,0;475,0;32,0;2,0;1,0;5,0;1,0;16,0;8,0;1,0;1,0
5514;3,682;322,0;557,0;475,0;32,0;2,0;1,0;5,0;1,0;16,0;8,0;1,0;1,0
5517;3,684;321,0;557,0;475,0;32,0;2,0;1,0;5,0;1,0;16,0;8,0;1,0;1,0
5519;3,686;319,0;557,0;475,0;32,0;2,0;1,0;5,0;1,0;16,0;8,0;1,0;1,0
5520;3,687;315,0;557,0;475,0;32,0;2,0;1,0;5,0;1,0;16,0;8,0;1,0;1,0
5524;3,689;312,0;557,0;475,0;32,0;2,0;1,0;5,0;1,0;16,0;8,0;1,0;1,0
5526;3,69;311,0;557,0;475,0;32,0;2,0;1,0;5,0;1,0;16,0;8,0;1,0;1,0
5527;3,692;309,0;557,0;475,0;32,0;2,0;1,0;5,0;1,0;16,0;8,0;1,0;1,0
5532;3,695;305,0;557,0;475,0;32,0;2,0;1,0;5,0;1,0;16,0;8,0;1,0;1,0
5534;3,696;303,0;557,0;475,0;32,0;2,0;1,0;5,0;1,0;16,0;8,0;1,0;1,0
5535;3,698;296,0;557,0;475,0;32,0;2,0;1,0;5,0;1,0;16,0;8,0;1,0;1,0
5538;3,701;292,0;557,0;475,0;32,0;2,0;1,0;5,0;1,0;16,0;8,0;1,0;1,0
5539;3,703;291,0;557,0;475,0;32,0;2,0;1,0;5,0;1,0;16,0;8,0;1,0;1,0
5540;3,704;289,0;557,0;475,0;32,0;2,0;1,0;5,0;1,0;16,0;8,0;1,0;1,0
5543;3,706;286,0;557,0;475,0;32,0;2,0;1,0;5,0;1,0;16,0;8,0;1,0;1,0
5544;3,708;285,0;557,0;475,0;32,0;2,0;1,0;5,0;1,0;16,0;8,0;1,0;1,0
5545;3,709;282,0;557,0;475,0;32,0;2,0;1,0;5,0;1,0;16,0;8,0;1,0;1,0
5546;3,711;281,0;557,0;475,0;32,0;2,0;1,0;5,0;1,0;16,0;8,0;1,0;1,0
5547;3,712;278,0;557,0;475,0;32,0;2,0;1,0;5,0;1,0;16,0;8,0;1,0;1,0
5548;3,714;275,0;557,0;475,0;32,0;2,0;1,0;5,0;1,0;16,0;8,0;1,0;1,0
5550;3,715;273,0;557,0;475,0;32,0;2,0;1,0;5,0;1,0;16,0;8,0;1,0;1,0
5554;3,717;271,0;557,0;475,0;32,0;2,0;1,0;5,0;1,0;16,0;8,0;1,0;1,0
5558;3,719;269,0;557,0;475,0;32,0;2,0;1,0;5,0;1,0;16,0;8,0;1,0;1,0
5560;3,721;267,0;557,0;475,0;32,0;2,0;1,0;5,0;1,0;16,0;8,0;1,0;1,0
5561;3,723;266,0;557,0;475,0;32,0;2,0;1,0;5,0;1,0;16,0;8,0;1,0;1,0
5562;3,725;263,0;557,0;475,0;32,0;2,0;1,0;5,0;1,0;16,0;8,0;1,0;1,0
5564;3,726;261,0;557,0;475,0;32,0;2,0;1,0;5,0;1,0;16,0;8,0;1,0;1,0
5565;3,727;259,0;557,0;475,0;32,0;2,0;1,0;5,0;1,0;16,0;8,0;1,0;1,0
5571;3,731;254,0;557,0;475,0;32,0;2,0;1,0;5,0;1,0;16,0;8,0;1,0;1,0
5572;3,733;252,0;557,0;475,0;32,0;2,0;1,0;5,0;1,0;16,0;8,0;1,0;1,0
5577;3,735;250,0;557,0;475,0;32,0;2,0;1,0;5,0;1,0;16,0;8,0;1,0;1,0
5580;3,737;249,0;557,0;475,0;32,0;2,0;1,0;5,0;1,0;16,0;8,0;1,0;1,0
5581;3,738;248,0;557,0;475,0;32,0;2,0;1,0;5,0;1,0;16,0;8,0;1,0;1,0
5582;3,739;247,0;557,0;475,0;32,0;2,0;1,0;5,0;1,0;16,0;8,0;1,0;1,0
5584;3,741;245,0;557,0;475,0;32,0;2,0;1,0;5,0;1,0;16,0;8,0;1,0;1,0
5589;3,745;243,0;557,0;475,0;32,0;2,0;1,0;5,0;1,0;16,0;8,0;1,0;1,0
5591;3,746;240,0;557,0;475,0;32,0;2,0;1,0;5,0;1,0;16,0;8,0;1,0;1,0
5593;3,748;238,0;557,0;475,0;32,0;2,0;1,0;5,0;1,0;16,0;8,0;1,0;1,0
5594;3,749;236,0;557,0;475,0;32,0;2,0;1,0;5,0;1,0;16,0;8,0;1,0;1,0
5598;3,751;234,0;557,0;475,0;32,0;2,0;1,0;5,0;1,0;16,0;8,0;1,0;1,0
5601;3,753;232,0;557,0;475,0;32,0;2,0;1,0;5,0;1,0;16,0;8,0;1,0;1,0
5609;3,756;231,0;557,0;475,0;32,0;2,0;1,0;5,0;1,0;16,0;8,0;1,0;1,0
5613;3,758;229,0;557,0;475,0;32,0;2,0;1,0;5,0;1,0;16,0;8,0;1,0;1,0
5618;3,761;228,0;557,0;475,0;32,0;2,0;1,0;5,0;1,0;16,0;8,0;1,0;1,0
5621;3,763;226,0;557,0;475,0;32,0;2,0;1,0;5,0;1,0;16,0;8,0;1,0;1,0
5623;3,765;224,0;557,0;475,0;32,0;2,0;1,0;5,0;1,0;16,0;8,0;1,0;1,0
5624;3,766;222,0;557,0;475,0;32,0;2,0;1,0;5,0;1,0;16,0;8,0;1,0;1,0
5626;3,768;221,0;557,0;475,0;32,0;2,0;1,0;5,0;1,0;16,0;8,0;1,0;1,0
5629;3,769;220,0;557,0;475,0;32,0;2,0;1,0;5,0;1,0;16,0;8,0;1,0;1,0
5630;3,771;219,0;557,0;475,0;32,0;2,0;1,0;5,0;1,0;16,0;8,0;1,0;1,0
5632;3,772;216,0;557,0;475,0;32,0;2,0;1,0;5,0;1,0;16,0;8,0;1,0;1,0
5638;3,774;214,0;557,0;475,0;32,0;2,0;1,0;5,0;1,0;16,0;8,0;1,0;1,0
5657;3,78;212,0;557,0;475,0;32,0;2,0;1,0;5,0;1,0;16,0;8,0;1,0;1,0
5659;3,781;210,0;557,0;475,0;32,0;2,0;1,0;5,0;1,0;16,0;8,0;1,0;1,0
5664;3,784;209,0;557,0;475,0;32,0;2,0;1,0;5,0;1,0;16,0;8,0;1,0;1,0
5666;3,785;208,0;557,0;475,0;32,0;2,0;1,0;5,0;1,0;16,0;8,0;1,0;1,0
5668;3,787;207,0;557,0;475,0;32,0;2,0;1,0;5,0;1,0;16,0;8,0;1,0;1,0
5677;3,791;206,0;557,0;475,0;32,0;2,0;1,0;5,0;1,0;16,0;8,0;1,0;1,0
5679;3,792;203,0;557,0;475,0;32,0;2,0;1,0;5,0;1,0;16,0;8,0;1,0;1,0
5680;3,794;202,0;557,0;475,0;32,0;2,0;1,0;5,0;1,0;16,0;8,0;1,0;1,0
5681;3,795;200,0;557,0;475,0;32,0;2,0;1,0;5,0;1,0;16,0;8,0;1,0;1,0
5682;3,796;197,0;557,0;475,0;32,0;2,0;1,0;5,0;1,0;16,0;8,0;1,0;1,0
5687;3,799;195,0;557,0;475,0;32,0;2,0;1,0;5,0;1,0;16,0;8,0;1,0;1,0
5690;3,801;194,0;557,0;475,0;32,0;2,0;1,0;5,0;1,0;16,0;8,0;1,0;1,0
5691;3,803;191,0;557,0;475,0;32,0;2,0;1,0;5,0;1,0;16,0;8,0;1,0;1,0
5692;3,804;188,0;557,0;475,0;32,0;2,0;1,0;5,0;1,0;16,0;8,0;1,0;1,0
5695;3,806;186,0;557,0;475,0;32,0;2,0;1,0;5,0;1,0;16,0;8,0;1,0;1,0
5697;3,809;184,0;557,0;475,0;32,0;2,0;1,0;5,0;1,0;16,0;8,0;1,0;1,0
5713;3,813;181,0;557,0;475,0;32,0;2,0;1,0;5,0;1,0;16,0;8,0;1,0;1,0
5719;3,817;178,0;557,0;475,0;32,0;2,0;1,0;5,0;1,0;16,0;8,0;1,0;1,0
5720;3,818;176,0;557,0;475,0;32,0;2,0;1,0;5,0;1,0;16,0;8,0;1,0;1,0
5721;3,82;175,0;557,0;475,0;32,0;2,0;1,0;5,0;1,0;16,0;8,0;1,0;1,0
5724;3,822;173,0;557,0;475,0;32,0;2,0;1,0;5,0;1,0;16,0;8,0;1,0;1,0
5730;3,824;172,0;557,0;475,0;32,0;2,0;1,0;5,0;1,0;16,0;8,0;1,0;1,0
5731;3,826;170,0;557,0;475,0;32,0;2,0;1,0;5,0;1,0;16,0;8,0;1,0;1,0
5732;3,827;169,0;557,0;475,0;32,0;2,0;1,0;5,0;1,0;16,0;8,0;1,0;1,0
5733;3,829;168,0;557,0;475,0;32,0;2,0;1,0;5,0;1,0;16,0;8,0;1,0;1,0
5744;3,833;166,0;557,0;475,0;32,0;2,0;1,0;5,0;1,0;16,0;8,0;1,0;1,0
5753;3,835;165,0;557,0;475,0;32,0;2,0;1,0;5,0;1,0;16,0;8,0;1,0;1,0
5756;3,837;164,0;557,0;475,0;32,0;2,0;1,0;5,0;1,0;16,0;8,0;1,0;1,0
5758;3,838;161,0;557,0;475,0;32,0;2,0;1,0;5,0;1,0;16,0;8,0;1,0;1,0
5770;3,842;160,0;557,0;475,0;32,0;2,0;1,0;5,0;1,0;16,0;8,0;1,0;1,0
5771;3,844;157,0;557,0;475,0;32,0;2,0;1,0;5,0;1,0;16,0;8,0;1,0;1,0
5778;3,846;156,0;557,0;475,0;32,0;2,0;1,0;5,0;1,0;16,0;8,0;1,0;1,0
5783;3,849;154,0;557,0;475,0;32,0;2,0;1,0;5,0;1,0;16,0;8,0;1,0;1,0
5786;3,85;153,0;557,0;475,0;32,0;2,0;1,0;5,0;1,0;16,0;8,0;1,0;1,0
5788;3,852;149,0;557,0;475,0;32,0;2,0;1,0;5,0;1,0;16,0;8,0;1,0;1,0
5798;3,855;148,0;557,0;475,0;32,0;2,0;1,0;5,0;1,0;16,0;8,0;1,0;1,0
5820;3,861;147,0;557,0;475,0;32,0;2,0;1,0;5,0;1,0;16,0;8,0;1,0;1,0
5828;3,864;146,0;557,0;475,0;32,0;2,0;1,0;5,0;1,0;16,0;8,0;1,0;1,0
5829;3,865;144,0;557,0;475,0;32,0;2,0;1,0;5,0;1,0;16,0;8,0;1,0;1,0
5830;3,867;142,0;557,0;475,0;32,0;2,0;1,0;5,0;1,0;16,0;8,0;1,0;1,0
5835;3,869;141,0;557,0;475,0;32,0;2,0;1,0;5,0;1,0;16,0;8,0;1,0;1,0
5837;3,87;140,0;557,0;475,0;32,0;2,0;1,0;5,0;1,0;16,0;8,0;1,0;1,0
5839;3,872;139,0;557,0;475,0;32,0;2,0;1,0;5,0;1,0;16,0;8,0;1,0;1,0
5846;3,874;135,0;557,0;475,0;32,0;2,0;1,0;5,0;1,0;16,0;8,0;1,0;1,0
5855;3,878;134,0;557,0;475,0;32,0;2,0;1,0;5,0;1,0;16,0;8,0;1,0;1,0
5856;3,879;133,0;557,0;475,0;32,0;2,0;1,0;5,0;1,0;16,0;8,0;1,0;1,0
5861;3,881;132,0;557,0;475,0;32,0;2,0;1,0;5,0;1,0;16,0;8,0;1,0;1,0
5874;3,885;131,0;557,0;475,0;32,0;2,0;1,0;5,0;1,0;16,0;8,0;1,0;1,0
5875;3,888;130,0;557,0;475,0;32,0;2,0;1,0;5,0;1,0;16,0;8,0;1,0;1,0
5882;3,892;129,0;557,0;475,0;32,0;2,0;1,0;5,0;1,0;16,0;8,0;1,0;1,0
5894;3,898;127,0;557,0;475,0;32,0;2,0;1,0;5,0;1,0;16,0;8,0;1,0;1,0
5899;3,9;126,0;557,0;475,0;32,0;2,0;1,0;5,0;1,0;16,0;8,0;1,0;1,0
5904;3,903;125,0;557,0;475,0;32,0;2,0;1,0;5,0;1,0;16,0;8,0;1,0;1,0
5924;3,908;124,0;557,0;475,0;32,0;2,0;1,0;5,0;1,0;16,0;8,0;1,0;1,0
5928;3,91;123,0;557,0;475,0;32,0;2,0;1,0;5,0;1,0;16,0;8,0;1,0;1,0
5929;3,911;121,0;557,0;475,0;32,0;2,0;1,0;5,0;1,0;16,0;8,0;1,0;1,0
5932;3,913;120,0;557,0;475,0;32,0;2,0;1,0;5,0;1,0;16,0;8,0;1,0;1,0
5936;3,915;119,0;557,0;475,0;32,0;2,0;1,0;5,0;1,0;16,0;8,0;1,0;1,0
5943;3,917;118,0;557,0;475,0;32,0;2,0;1,0;5,0;1,0;16,0;8,0;1,0;1,0
5944;3,918;117,0;557,0;475,0;32,0;2,0;1,0;5,0;1,0;16,0;8,0;1,0;1,0
5951;3,922;115,0;557,0;475,0;32,0;2,0;1,0;5,0;1,0;16,0;8,0;1,0;1,0
5961;3,925;114,0;557,0;475,0;32,0;2,0;1,0;5,0;1,0;16,0;8,0;1,0;1,0
5976;3,929;113,0;557,0;475,0;32,0;2,0;1,0;5,0;1,0;16,0;8,0;1,0;1,0
5982;3,933;112,0;557,0;475,0;32,0;2,0;1,0;5,0;1,0;16,0;8,0;1,0;1,0
5986;3,935;111,0;557,0;475,0;32,0;2,0;1,0;5,0;1,0;16,0;8,0;1,0;1,0
5994;3,938;110,0;557,0;475,0;32,0;2,0;1,0;5,0;1,0;16,0;8,0;1,0;1,0
5998;3,94;109,0;557,0;475,0;32,0;2,0;1,0;5,0;1,0;16,0;8,0;1,0;1,0
6000;3,94;109,0;557,0;475,0;32,0;2,0;1,0;5,0;1,0;16,0;8,0;1,0;1,0
6002;3,942;108,0;557,0;475,0;32,0;2,0;1,0;5,0;1,0;16,0;8,0;1,0;1,0
6003;3,943;106,0;557,0;475,0;32,0;2,0;1,0;5,0;1,0;16,0;8,0;1,0;1,0
6011;3,946;105,0;557,0;475,0;32,0;2,0;1,0;5,0;1,0;16,0;8,0;1,0;1,0
6030;3,956;104,0;557,0;475,0;32,0;2,0;1,0;5,0;1,0;16,0;8,0;1,0;1,0
6035;3,962;103,0;557,0;475,0;32,0;2,0;1,0;5,0;1,0;16,0;8,0;1,0;1,0
6039;3,966;102,0;557,0;475,0;32,0;2,0;1,0;5,0;1,0;16,0;8,0;1,0;1,0
6044;3,968;101,0;557,0;475,0;32,0;2,0;1,0;5,0;1,0;16,0;8,0;1,0;1,0
6054;3,971;100,0;557,0;475,0;32,0;2,0;1,0;5,0;1,0;16,0;8,0;1,0;1,0
6061;3,974;99,0;557,0;475,0;32,0;2,0;1,0;5,0;1,0;16,0;8,0;1,0;1,0
6071;3,978;98,0;557,0;475,0;32,0;2,0;1,0;5,0;1,0;16,0;8,0;1,0;1,0
6079;3,981;97,0;557,0;475,0;32,0;2,0;1,0;5,0;1,0;16,0;8,0;1,0;1,0
6092;3,985;96,0;557,0;475,0;32,0;2,0;1,0;5,0;1,0;16,0;8,0;1,0;1,0
6098;3,987;95,0;557,0;475,0;32,0;2,0;1,0;5,0;1,0;16,0;8,0;1,0;1,0
6103;3,989;91,0;557,0;475,0;32,0;2,0;1,0;5,0;1,0;16,0;8,0;1,0;1,0
6105;3,991;89,0;557,0;475,0;32,0;2,0;1,0;5,0;1,0;16,0;8,0;1,0;1,0
6106;3,992;88,0;557,0;475,0;32,0;2,0;1,0;5,0;1,0;16,0;8,0;1,0;1,0
6111;3,994;86,0;557,0;475,0;32,0;2,0;1,0;5,0;1,0;16,0;8,0;1,0;1,0
6146;4,004;82,0;557,0;475,0;32,0;2,0;1,0;5,0;1,0;16,0;8,0;1,0;1,0
6154;4,007;81,0;557,0;475,0;32,0;2,0;1,0;5,0;1,0;16,0;8,0;1,0;1,0
6158;4,009;80,0;557,0;475,0;32,0;2,0;1,0;5,0;1,0;16,0;8,0;1,0;1,0
6220;4,021;79,0;557,0;475,0;32,0;2,0;1,0;5,0;1,0;16,0;8,0;1,0;1,0
6228;4,024;78,0;557,0;475,0;32,0;2,0;1,0;5,0;1,0;16,0;8,0;1,0;1,0
6229;4,025;75,0;557,0;475,0;32,0;2,0;1,0;5,0;1,0;16,0;8,0;1,0;1,0
6230;4,026;74,0;557,0;475,0;32,0;2,0;1,0;5,0;1,0;16,0;8,0;1,0;1,0
6232;4,028;73,0;557,0;475,0;32,0;2,0;1,0;5,0;1,0;16,0;8,0;1,0;1,0
6258;4,034;72,0;557,0;475,0;32,0;2,0;1,0;5,0;1,0;16,0;8,0;1,0;1,0
6260;4,036;71,0;557,0;475,0;32,0;2,0;1,0;5,0;1,0;16,0;8,0;1,0;1,0
6294;4,044;70,0;557,0;475,0;32,0;2,0;1,0;5,0;1,0;16,0;8,0;1,0;1,0
6297;4,046;68,0;557,0;475,0;32,0;2,0;1,0;5,0;1,0;16,0;8,0;1,0;1,0
6307;4,049;67,0;557,0;475,0;32,0;2,0;1,0;5,0;1,0;16,0;8,0;1,0;1,0
6340;4,059;65,0;557,0;475,0;32,0;2,0;1,0;5,0;1,0;16,0;8,0;1,0;1,0
6344;4,06;63,0;557,0;475,0;32,0;2,0;1,0;5,0;1,0;16,0;8,0;1,0;1,0
6489;4,089;62,0;557,0;475,0;32,0;2,0;1,0;5,0;1,0;16,0;8,0;1,0;1,0
6491;4,091;61,0;557,0;475,0;32,0;2,0;1,0;5,0;1,0;16,0;8,0;1,0;1,0
6500;4,094;60,0;557,0;475,0;32,0;2,0;1,0;5,0;1,0;16,0;8,0;1,0;1,0
6503;4,095;59,0;557,0;475,0;32,0;2,0;1,0;5,0;1,0;16,0;8,0;1,0;1,0
6513;4,098;58,0;557,0;475,0;32,0;2,0;1,0;5,0;1,0;16,0;8,0;1,0;1,0
6561;4,109;57,0;557,0;475,0;32,0;2,0;1,0;5,0;1,0;16,0;8,0;1,0;1,0
6573;4,112;56,0;557,0;475,0;32,0;2,0;1,0;5,0;1,0;16,0;8,0;1,0;1,0
6583;4,115;55,0;557,0;475,0;32,0;2,0;1,0;5,0;1,0;16,0;8,0;1,0;1,0
6588;4,117;54,0;557,0;475,0;32,0;2,0;1,0;5,0;1,0;16,0;8,0;1,0;1,0
6716;4,143;53,0;557,0;475,0;32,0;2,0;1,0;5,0;1,0;16,0;8,0;1,0;1,0
6721;4,145;52,0;557,0;475,0;32,0;2,0;1,0;5,0;1,0;16,0;8,0;1,0;1,0
6725;4,147;51,0;557,0;475,0;32,0;2,0;1,0;5,0;1,0;16,0;8,0;1,0;1,0
6850;4,172;49,0;557,0;475,0;32,0;2,0;1,0;5,0;1,0;16,0;8,0;1,0;1,0
6917;4,231;48,0;575,0;475,0;32,0;2,0;1,0;5,0;1,0;16,0;8,0;1,0;1,0
6983;4,385;47,0;579,0;495,0;32,0;2,0;1,0;5,0;1,0;16,0;8,0;1,0;1,0
6995;4,61;46,0;583,0;500,0;31,0;2,0;1,0;5,0;1,0;16,0;8,0;1,0;1,0
7000;4,655;46,0;583,0;505,0;31,0;2,0;1,0;5,0;1,0;16,0;8,0;1,0;1,0
7062;4,667;45,0;583,0;505,0;31,0;2,0;1,0;5,0;1,0;16,0;8,0;1,0;1,0
7102;4,676;44,0;583,0;505,0;31,0;2,0;1,0;5,0;1,0;16,0;8,0;1,0;1,0
7192;4,693;43,0;583,0;505,0;31,0;2,0;1,0;5,0;1,0;16,0;8,0;1,0;1,0
7987;4,832;42,0;583,0;505,0;31,0;2,0;1,0;5,0;1,0;16,0;8,0;1,0;1,0
8000;4,835;42,0;583,0;505,0;31,0;2,0;1,0;5,0;1,0;16,0;8,0;1,0;1,0
8619;4,944;41,0;583,0;505,0;31,0;2,0;1,0;5,0;1,0;16,0;8,0;1,0;1,0
8767;4,968;40,0;583,0;505,0;31,0;2,0;1,0;5,0;1,0;16,0;8,0;1,0;1,0
8973;5,003;39,0;583,0;505,0;31,0;2,0;1,0;5,0;1,0;16,0;8,0;1,0;1,0
9000;5,007;39,0;583,0;505,0;31,0;2,0;1,0;5,0;1,0;16,0;8,0;1,0;1,0
10000;5,158;39,0;583,0;505,0;26,0;2,0;1,0;5,0;1,0;16,0;8,0;1,0;1,0
10448;5,482;38,0;590,0;517,0;25,0;2,0;1,0;5,0;1,0;16,0;8,0;1,0;1,0
10510;5,497;37,0;590,0;517,0;25,0;2,0;1,0;5,0;1,0;16,0;8,0;1,0;1,0
10871;5,634;36,0;590,0;524,0;23,0;2,0;1,0;5,0;1,0;16,0;8,0;1,0;1,0
11000;5,665;36,0;590,0;524,0;22,0;2,0;1,0;5,0;1,0;16,0;8,0;1,0;1,0
11021;5,672;35,0;590,0;524,0;22,0;2,0;1,0;5,0;1,0;16,0;8,0;1,0;1,0
11304;5,742;34,0;590,0;524,0;22,0;2,0;1,0;5,0;1,0;16,0;8,0;1,0;1,0
11456;5,777;33,0;590,0;524,0;22,0;2,0;1,0;5,0;1,0;16,0;8,0;1,0;1,0
11750;5,857;32,0;590,0;524,0;21,0;2,0;1,0;5,0;1,0;16,0;8,0;1,0;1,0
11762;5,861;31,0;590,0;524,0;21,0;2,0;1,0;5,0;1,0;16,0;8,0;1,0;1,0
11772;5,865;30,0;590,0;524,0;21,0;2,0;1,0;5,0;1,0;16,0;8,0;1,0;1,0
12000;5,916;30,0;590,0;524,0;21,0;2,0;1,0;5,0;1,0;16,0;8,0;1,0;1,0
12206;5,972;29,0;590,0;524,0;20,0;2,0;1,0;5,0;1,0;16,0;8,0;1,0;1,0
12496;6,041;28,0;590,0;524,0;20,0;2,0;1,0;5,0;1,0;16,0;8,0;1,0;1,0
12966;6,147;27,0;590,0;524,0;20,0;2,0;1,0;5,0;1,0;16,0;8,0;1,0;1,0
13000;6,156;27,0;590,0;524,0;20,0;2,0;1,0;5,0;1,0;16,0;8,0;1,0;1,0
13177;6,194;26,0;590,0;524,0;20,0;2,0;1,0;5,0;1,0;16,0;8,0;1,0;1,0
14000;6,4;26,0;590,0;524,0;20,0;2,0;1,0;5,0;1,0;16,0;8,0;1,0;1,0
15000;6,649;26,0;590,0;524,0;20,0;2,0;1,0;5,0;1,0;16,0;8,0;1,0;1,0
16000;7,471;26,0;611,0;554,0;20,0;2,0;1,0;4,0;1,0;16,0;8,0;1,0;1,0
16229;7,517;456,0;611,0;554,0;20,0;2,0;1,0;4,0;1,0;16,0;8,0;1,0;1,0
16234;7,519;454,0;611,0;554,0;20,0;2,0;1,0;4,0;1,0;16,0;8,0;1,0;1,0
16235;7,52;453,0;611,0;554,0;20,0;2,0;1,0;4,0;1,0;16,0;8,0;1,0;1,0
16236;7,521;451,0;611,0;554,0;20,0;2,0;1,0;4,0;1,0;16,0;8,0;1,0;1,0
16239;7,523;447,0;611,0;554,0;20,0;2,0;1,0;4,0;1,0;16,0;8,0;1,0;1,0
16240;7,525;445,0;611,0;554,0;20,0;2,0;1,0;4,0;1,0;16,0;8,0;1,0;1,0
16242;7,526;444,0;611,0;554,0;20,0;2,0;1,0;4,0;1,0;16,0;8,0;1,0;1,0
16243;7,528;440,0;611,0;554,0;20,0;2,0;1,0;4,0;1,0;16,0;8,0;1,0;1,0
16245;7,529;435,0;611,0;554,0;20,0;2,0;1,0;4,0;1,0;16,0;8,0;1,0;1,0
16247;7,531;431,0;611,0;554,0;20,0;2,0;1,0;4,0;1,0;16,0;8,0;1,0;1,0
16248;7,533;427,0;611,0;554,0;20,0;2,0;1,0;4,0;1,0;16,0;8,0;1,0;1,0
16251;7,535;426,0;611,0;554,0;20,0;2,0;1,0;4,0;1,0;16,0;8,0;1,0;1,0
16252;7,536;425,0;611,0;554,0;20,0;2,0;1,0;4,0;1,0;16,0;8,0;1,0;1,0
16254;7,539;422,0;611,0;554,0;20,0;2,0;1,0;4,0;1,0;16,0;8,0;1,0;1,0
16256;7,541;419,0;611,0;554,0;20,0;2,0;1,0;4,0;1,0;16,0;8,0;1,0;1,0
16257;7,542;418,0;611,0;554,0;20,0;2,0;1,0;4,0;1,0;16,0;8,0;1,0;1,0
16258;7,543;416,0;611,0;554,0;20,0;2,0;1,0;4,0;1,0;16,0;8,0;1,0;1,0
16259;7,545;413,0;611,0;554,0;20,0;2,0;1,0;4,0;1,0;16,0;8,0;1,0;1,0
16261;7,548;409,0;611,0;554,0;20,0;2,0;1,0;4,0;1,0;16,0;8,0;1,0;1,0
16263;7,55;406,0;611,0;554,0;20,0;2,0;1,0;4,0;1,0;16,0;8,0;1,0;1,0
16265;7,551;405,0;611,0;554,0;20,0;2,0;1,0;4,0;1,0;16,0;8,0;1,0;1,0
16266;7,553;401,0;611,0;554,0;20,0;2,0;1,0;4,0;1,0;16,0;8,0;1,0;1,0
16268;7,554;395,0;611,0;554,0;20,0;2,0;1,0;4,0;1,0;16,0;8,0;1,0;1,0
16269;7,555;391,0;611,0;554,0;20,0;2,0;1,0;4,0;1,0;16,0;8,0;1,0;1,0
16272;7,558;389,0;611,0;554,0;20,0;2,0;1,0;4,0;1,0;16,0;8,0;1,0;1,0
16273;7,56;388,0;611,0;554,0;20,0;2,0;1,0;4,0;1,0;16,0;8,0;1,0;1,0
16274;7,561;386,0;611,0;554,0;20,0;2,0;1,0;4,0;1,0;16,0;8,0;1,0;1,0
16276;7,562;383,0;611,0;554,0;20,0;2,0;1,0;4,0;1,0;16,0;8,0;1,0;1,0
16277;7,564;379,0;611,0;554,0;20,0;2,0;1,0;4,0;1,0;16,0;8,0;1,0;1,0
16281;7,566;375,0;611,0;554,0;20,0;2,0;1,0;4,0;1,0;16,0;8,0;1,0;1,0
16282;7,567;372,0;611,0;554,0;20,0;2,0;1,0;4,0;1,0;16,0;8,0;1,0;1,0
16284;7,569;370,0;611,0;554,0;20,0;2,0;1,0;4,0;1,0;16,0;8,0;1,0;1,0
16288;7,571;368,0;611,0;554,0;20,0;2,0;1,0;4,0;1,0;16,0;8,0;1,0;1,0
16289;7,572;367,0;611,0;554,0;20,0;2,0;1,0;4,0;1,0;16,0;8,0;1,0;1,0
16290;7,574;361,0;611,0;554,0;20,0;2,0;1,0;4,0;1,0;16,0;8,0;1,0;1,0
16291;7,576;359,0;611,0;554,0;20,0;2,0;1,0;4,0;1,0;16,0;8,0;1,0;1,0
16292;7,577;358,0;611,0;554,0;20,0;2,0;1,0;4,0;1,0;16,0;8,0;1,0;1,0
16295;7,579;351,0;611,0;554,0;20,0;2,0;1,0;4,0;1,0;16,0;8,0;1,0;1,0
16298;7,581;347,0;611,0;554,0;20,0;2,0;1,0;4,0;1,0;16,0;8,0;1,0;1,0
16300;7,583;345,0;611,0;554,0;20,0;2,0;1,0;4,0;1,0;16,0;8,0;1,0;1,0
16304;7,584;344,0;611,0;554,0;20,0;2,0;1,0;4,0;1,0;16,0;8,0;1,0;1,0
16305;7,586;342,0;611,0;554,0;20,0;2,0;1,0;4,0;1,0;16,0;8,0;1,0;1,0
16307;7,587;340,0;611,0;554,0;20,0;2,0;1,0;4,0;1,0;16,0;8,0;1,0;1,0
16310;7,589;331,0;611,0;554,0;20,0;2,0;1,0;4,0;1,0;16,0;8,0;1,0;1,0
16311;7,59;330,0;611,0;554,0;20,0;2,0;1,0;4,0;1,0;16,0;8,0;1,0;1,0
16312;7,592;328,0;611,0;554,0;20,0;2,0;1,0;4,0;1,0;16,0;8,0;1,0;1,0
16313;7,593;327,0;611,0;554,0;20,0;2,0;1,0;4,0;1,0;16,0;8,0;1,0;1,0
16314;7,595;325,0;611,0;554,0;20,0;2,0;1,0;4,0;1,0;16,0;8,0;1,0;1,0
16316;7,596;323,0;611,0;554,0;20,0;2,0;1,0;4,0;1,0;16,0;8,0;1,0;1,0
16318;7,598;321,0;611,0;554,0;20,0;2,0;1,0;4,0;1,0;16,0;8,0;1,0;1,0
16321;7,6;320,0;611,0;554,0;20,0;2,0;1,0;4,0;1,0;16,0;8,0;1,0;1,0
16323;7,601;319,0;611,0;554,0;20,0;2,0;1,0;4,0;1,0;16,0;8,0;1,0;1,0
16324;7,603;317,0;611,0;554,0;20,0;2,0;1,0;4,0;1,0;16,0;8,0;1,0;1,0
16327;7,605;313,0;611,0;554,0;20,0;2,0;1,0;4,0;1,0;16,0;8,0;1,0;1,0
16330;7,606;310,0;611,0;554,0;20,0;2,0;1,0;4,0;1,0;16,0;8,0;1,0;1,0
16332;7,608;307,0;611,0;554,0;20,0;2,0;1,0;4,0;1,0;16,0;8,0;1,0;1,0
16334;7,61;302,0;611,0;554,0;20,0;2,0;1,0;4,0;1,0;16,0;8,0;1,0;1,0
16336;7,612;301,0;611,0;554,0;20,0;2,0;1,0;4,0;1,0;16,0;8,0;1,0;1,0
16337;7,614;300,0;611,0;554,0;20,0;2,0;1,0;4,0;1,0;16,0;8,0;1,0;1,0
16338;7,615;298,0;611,0;554,0;20,0;2,0;1,0;4,0;1,0;16,0;8,0;1,0;1,0
16341;7,617;293,0;611,0;554,0;20,0;2,0;1,0;4,0;1,0;16,0;8,0;1,0;1,0
16346;7,62;292,0;611,0;554,0;20,0;2,0;1,0;4,0;1,0;16,0;8,0;1,0;1,0
16350;7,622;291,0;611,0;554,0;20,0;2,0;1,0;4,0;1,0;16,0;8,0;1,0;1,0
16352;7,623;288,0;611,0;554,0;20,0;2,0;1,0;4,0;1,0;16,0;8,0;1,0;1,0
16354;7,625;287,0;611,0;554,0;20,0;2,0;1,0;4,0;1,0;16,0;8,0;1,0;1,0
16358;7,627;285,0;611,0;554,0;20,0;2,0;1,0;4,0;1,0;16,0;8,0;1,0;1,0
16360;7,628;281,0;611,0;554,0;20,0;2,0;1,0;4,0;1,0;16,0;8,0;1,0;1,0
16361;7,629;280,0;611,0;554,0;20,0;2,0;1,0;4,0;1,0;16,0;8,0;1,0;1,0
16367;7,632;276,0;611,0;554,0;20,0;2,0;1,0;4,0;1,0;16,0;8,0;1,0;1,0
16373;7,634;274,0;611,0;554,0;20,0;2,0;1,0;4,0;1,0;16,0;8,0;1,0;1,0
16374;7,636;272,0;611,0;554,0;20,0;2,0;1,0;4,0;1,0;16,0;8,0;1,0;1,0
16376;7,637;271,0;611,0;554,0;20,0;2,0;1,0;4,0;1,0;16,0;8,0;1,0;1,0
16379;7,639;270,0;611,0;554,0;20,0;2,0;1,0;4,0;1,0;16,0;8,0;1,0;1,0
16380;7,64;267,0;611,0;554,0;20,0;2,0;1,0;4,0;1,0;16,0;8,0;1,0;1,0
16382;7,643;264,0;611,0;554,0;20,0;2,0;1,0;4,0;1,0;16,0;8,0;1,0;1,0
16384;7,644;260,0;611,0;554,0;20,0;2,0;1,0;4,0;1,0;16,0;8,0;1,0;1,0
16385;7,646;256,0;611,0;554,0;20,0;2,0;1,0;4,0;1,0;16,0;8,0;1,0;1,0
16388;7,648;255,0;611,0;554,0;20,0;2,0;1,0;4,0;1,0;16,0;8,0;1,0;1,0
16389;7,649;254,0;611,0;554,0;20,0;2,0;1,0;4,0;1,0;16,0;8,0;1,0;1,0
16391;7,651;253,0;611,0;554,0;20,0;2,0;1,0;4,0;1,0;16,0;8,0;1,0;1,0
16392;7,652;250,0;611,0;554,0;20,0;2,0;1,0;4,0;1,0;16,0;8,0;1,0;1,0
16399;7,655;249,0;611,0;554,0;20,0;2,0;1,0;4,0;1,0;16,0;8,0;1,0;1,0
16400;7,656;247,0;611,0;554,0;20,0;2,0;1,0;4,0;1,0;16,0;8,0;1,0;1,0
16403;7,657;245,0;611,0;554,0;20,0;2,0;1,0;4,0;1,0;16,0;8,0;1,0;1,0
16405;7,659;242,0;611,0;554,0;20,0;2,0;1,0;4,0;1,0;16,0;8,0;1,0;1,0
16406;7,66;240,0;611,0;554,0;20,0;2,0;1,0;4,0;1,0;16,0;8,0;1,0;1,0
16408;7,662;239,0;611,0;554,0;20,0;2,0;1,0;4,0;1,0;16,0;8,0;1,0;1,0
16409;7,663;236,0;611,0;554,0;20,0;2,0;1,0;4,0;1,0;16,0;8,0;1,0;1,0
16410;7,664;231,0;611,0;554,0;20,0;2,0;1,0;4,0;1,0;16,0;8,0;1,0;1,0
16412;7,666;230,0;611,0;554,0;20,0;2,0;1,0;4,0;1,0;16,0;8,0;1,0;1,0
16415;7,669;228,0;611,0;554,0;20,0;2,0;1,0;4,0;1,0;16,0;8,0;1,0;1,0
16417;7,67;221,0;611,0;554,0;20,0;2,0;1,0;4,0;1,0;16,0;8,0;1,0;1,0
16418;7,672;220,0;611,0;554,0;20,0;2,0;1,0;4,0;1,0;16,0;8,0;1,0;1,0
16419;7,673;218,0;611,0;554,0;20,0;2,0;1,0;4,0;1,0;16,0;8,0;1,0;1,0
16420;7,674;216,0;611,0;554,0;20,0;2,0;1,0;4,0;1,0;16,0;8,0;1,0;1,0
16426;7,677;215,0;611,0;554,0;20,0;2,0;1,0;4,0;1,0;16,0;8,0;1,0;1,0
16427;7,679;213,0;611,0;554,0;20,0;2,0;1,0;4,0;1,0;16,0;8,0;1,0;1,0
16429;7,681;210,0;611,0;554,0;20,0;2,0;1,0;4,0;1,0;16,0;8,0;1,0;1,0
16430;7,683;207,0;611,0;554,0;20,0;2,0;1,0;4,0;1,0;16,0;8,0;1,0;1,0
16434;7,685;205,0;611,0;554,0;20,0;2,0;1,0;4,0;1,0;16,0;8,0;1,0;1,0
16435;7,686;202,0;611,0;554,0;20,0;2,0;1,0;4,0;1,0;16,0;8,0;1,0;1,0
16438;7,688;200,0;611,0;554,0;20,0;2,0;1,0;4,0;1,0;16,0;8,0;1,0;1,0
16440;7,69;197,0;611,0;554,0;20,0;2,0;1,0;4,0;1,0;16,0;8,0;1,0;1,0
16441;7,692;196,0;611,0;554,0;20,0;2,0;1,0;4,0;1,0;16,0;8,0;1,0;1,0
16442;7,693;195,0;611,0;554,0;20,0;2,0;1,0;4,0;1,0;16,0;8,0;1,0;1,0
16443;7,694;194,0;611,0;554,0;20,0;2,0;1,0;4,0;1,0;16,0;8,0;1,0;1,0
16444;7,696;190,0;611,0;554,0;20,0;2,0;1,0;4,0;1,0;16,0;8,0;1,0;1,0
16445;7,697;189,0;611,0;554,0;20,0;2,0;1,0;4,0;1,0;16,0;8,0;1,0;1,0
16450;7,7;188,0;611,0;554,0;20,0;2,0;1,0;4,0;1,0;16,0;8,0;1,0;1,0
16451;7,702;187,0;611,0;554,0;20,0;2,0;1,0;4,0;1,0;16,0;8,0;1,0;1,0
16453;7,703;186,0;611,0;554,0;20,0;2,0;1,0;4,0;1,0;16,0;8,0;1,0;1,0
16454;7,705;184,0;611,0;554,0;20,0;2,0;1,0;4,0;1,0;16,0;8,0;1,0;1,0
16455;7,706;180,0;611,0;554,0;20,0;2,0;1,0;4,0;1,0;16,0;8,0;1,0;1,0
16459;7,708;179,0;611,0;554,0;20,0;2,0;1,0;4,0;1,0;16,0;8,0;1,0;1,0
16463;7,711;176,0;611,0;554,0;20,0;2,0;1,0;4,0;1,0;16,0;8,0;1,0;1,0
16466;7,713;173,0;611,0;554,0;20,0;2,0;1,0;4,0;1,0;16,0;8,0;1,0;1,0
16470;7,715;172,0;611,0;554,0;20,0;2,0;1,0;4,0;1,0;16,0;8,0;1,0;1,0
16471;7,717;168,0;611,0;554,0;20,0;2,0;1,0;4,0;1,0;16,0;8,0;1,0;1,0
16472;7,718;166,0;611,0;554,0;20,0;2,0;1,0;4,0;1,0;16,0;8,0;1,0;1,0
16473;7,719;165,0;611,0;554,0;20,0;2,0;1,0;4,0;1,0;16,0;8,0;1,0;1,0
16478;7,722;162,0;611,0;554,0;20,0;2,0;1,0;4,0;1,0;16,0;8,0;1,0;1,0
16480;7,724;161,0;611,0;554,0;20,0;2,0;1,0;4,0;1,0;16,0;8,0;1,0;1,0
16481;7,725;159,0;611,0;554,0;20,0;2,0;1,0;4,0;1,0;16,0;8,0;1,0;1,0
16482;7,727;158,0;611,0;554,0;20,0;2,0;1,0;4,0;1,0;16,0;8,0;1,0;1,0
16484;7,728;157,0;611,0;554,0;20,0;2,0;1,0;4,0;1,0;16,0;8,0;1,0;1,0
16485;7,73;156,0;611,0;554,0;20,0;2,0;1,0;4,0;1,0;16,0;8,0;1,0;1,0
16491;7,734;153,0;611,0;554,0;20,0;2,0;1,0;4,0;1,0;16,0;8,0;1,0;1,0
16492;7,735;152,0;611,0;554,0;20,0;2,0;1,0;4,0;1,0;16,0;8,0;1,0;1,0
16493;7,736;151,0;611,0;554,0;20,0;2,0;1,0;4,0;1,0;16,0;8,0;1,0;1,0
16501;7,74;150,0;611,0;554,0;20,0;2,0;1,0;4,0;1,0;16,0;8,0;1,0;1,0
16506;7,743;148,0;611,0;554,0;20,0;2,0;1,0;4,0;1,0;16,0;8,0;1,0;1,0
16508;7,745;147,0;611,0;554,0;20,0;2,0;1,0;4,0;1,0;16,0;8,0;1,0;1,0
16509;7,746;146,0;611,0;554,0;20,0;2,0;1,0;4,0;1,0;16,0;8,0;1,0;1,0
16515;7,748;145,0;611,0;554,0;20,0;2,0;1,0;4,0;1,0;16,0;8,0;1,0;1,0
16516;7,751;141,0;611,0;554,0;20,0;2,0;1,0;4,0;1,0;16,0;8,0;1,0;1,0
16517;7,752;138,0;611,0;554,0;20,0;2,0;1,0;4,0;1,0;16,0;8,0;1,0;1,0
16522;7,755;137,0;611,0;554,0;20,0;2,0;1,0;4,0;1,0;16,0;8,0;1,0;1,0
16523;7,757;136,0;611,0;554,0;20,0;2,0;1,0;4,0;1,0;16,0;8,0;1,0;1,0
16526;7,76;135,0;611,0;554,0;20,0;2,0;1,0;5,0;1,0;16,0;8,0;1,0;1,0
16528;7,762;134,0;611,0;554,0;20,0;2,0;1,0;5,0;1,0;16,0;8,0;1,0;1,0
16530;7,764;133,0;611,0;554,0;20,0;2,0;1,0;5,0;1,0;16,0;8,0;1,0;1,0
16539;7,768;132,0;611,0;554,0;20,0;2,0;1,0;5,0;1,0;16,0;8,0;1,0;1,0
16540;7,769;130,0;611,0;554,0;20,0;2,0;1,0;5,0;1,0;16,0;8,0;1,0;1,0
16546;7,771;129,0;611,0;554,0;20,0;2,0;1,0;5,0;1,0;16,0;8,0;1,0;1,0
16548;7,773;127,0;611,0;554,0;20,0;2,0;1,0;5,0;1,0;16,0;8,0;1,0;1,0
16554;7,777;126,0;611,0;554,0;20,0;2,0;1,0;5,0;1,0;16,0;8,0;1,0;1,0
16561;7,78;125,0;611,0;554,0;20,0;2,0;1,0;5,0;1,0;16,0;8,0;1,0;1,0
16564;7,781;124,0;611,0;554,0;20,0;2,0;1,0;5,0;1,0;16,0;8,0;1,0;1,0
16567;7,783;123,0;611,0;554,0;20,0;2,0;1,0;5,0;1,0;16,0;8,0;1,0;1,0
16578;7,786;122,0;611,0;554,0;20,0;2,0;1,0;5,0;1,0;16,0;8,0;1,0;1,0
16582;7,788;119,0;611,0;554,0;20,0;2,0;1,0;5,0;1,0;16,0;8,0;1,0;1,0
16584;7,79;117,0;611,0;554,0;20,0;2,0;1,0;5,0;1,0;16,0;8,0;1,0;1,0
16585;7,791;116,0;611,0;554,0;20,0;2,0;1,0;5,0;1,0;16,0;8,0;1,0;1,0
16590;7,793;115,0;611,0;554,0;20,0;2,0;1,0;5,0;1,0;16,0;8,0;1,0;1,0
16591;7,794;114,0;611,0;554,0;20,0;2,0;1,0;5,0;1,0;16,0;8,0;1,0;1,0
16592;7,796;113,0;611,0;554,0;20,0;2,0;1,0;5,0;1,0;16,0;8,0;1,0;1,0
16594;7,797;112,0;611,0;554,0;20,0;2,0;1,0;5,0;1,0;16,0;8,0;1,0;1,0
16596;7,799;111,0;611,0;554,0;20,0;2,0;1,0;5,0;1,0;16,0;8,0;1,0;1,0
16597;7,8;109,0;611,0;554,0;20,0;2,0;1,0;5,0;1,0;16,0;8,0;1,0;1,0
16599;7,802;107,0;611,0;554,0;20,0;2,0;1,0;5,0;1,0;16,0;8,0;1,0;1,0
16602;7,804;106,0;611,0;554,0;20,0;2,0;1,0;5,0;1,0;16,0;8,0;1,0;1,0
16606;7,807;105,0;611,0;554,0;20,0;2,0;1,0;5,0;1,0;16,0;8,0;1,0;1,0
16610;7,81;104,0;611,0;554,0;20,0;2,0;1,0;5,0;1,0;16,0;8,0;1,0;1,0
16617;7,813;103,0;611,0;554,0;20,0;2,0;1,0;5,0;1,0;16,0;8,0;1,0;1,0
16619;7,815;100,0;611,0;554,0;20,0;2,0;1,0;5,0;1,0;16,0;8,0;1,0;1,0
16622;7,817;99,0;611,0;554,0;20,0;2,0;1,0;5,0;1,0;16,0;8,0;1,0;1,0
16624;7,819;98,0;611,0;554,0;20,0;2,0;1,0;5,0;1,0;16,0;8,0;1,0;1,0
16626;7,82;95,0;611,0;554,0;20,0;2,0;1,0;5,0;1,0;16,0;8,0;1,0;1,0
16628;7,822;94,0;611,0;554,0;20,0;2,0;1,0;5,0;1,0;16,0;8,0;1,0;1,0
16634;7,824;93,0;611,0;554,0;20,0;2,0;1,0;5,0;1,0;16,0;8,0;1,0;1,0
16637;7,827;91,0;611,0;554,0;20,0;2,0;1,0;5,0;1,0;16,0;8,0;1,0;1,0
16639;7,829;90,0;611,0;554,0;20,0;2,0;1,0;5,0;1,0;16,0;8,0;1,0;1,0
16643;7,83;89,0;611,0;554,0;20,0;2,0;1,0;5,0;1,0;16,0;8,0;1,0;1,0
16648;7,833;88,0;611,0;554,0;20,0;2,0;1,0;5,0;1,0;16,0;8,0;1,0;1,0
16649;7,835;87,0;611,0;554,0;20,0;2,0;1,0;5,0;1,0;16,0;8,0;1,0;1,0
16665;7,84;86,0;611,0;554,0;20,0;2,0;1,0;5,0;1,0;16,0;8,0;1,0;1,0
16670;7,843;85,0;611,0;554,0;20,0;2,0;1,0;5,0;1,0;16,0;8,0;1,0;1,0
16683;7,848;83,0;611,0;554,0;20,0;2,0;1,0;5,0;1,0;16,0;8,0;1,0;1,0
16692;7,852;82,0;611,0;554,0;20,0;2,0;1,0;5,0;1,0;16,0;8,0;1,0;1,0
16693;7,853;81,0;611,0;554,0;20,0;2,0;1,0;5,0;1,0;16,0;8,0;1,0;1,0
16696;7,855;80,0;611,0;554,0;20,0;2,0;1,0;5,0;1,0;16,0;8,0;1,0;1,0
16697;7,857;78,0;611,0;554,0;20,0;2,0;1,0;5,0;1,0;16,0;8,0;1,0;1,0
16754;7,874;76,0;611,0;554,0;20,0;2,0;1,0;5,0;1,0;16,0;8,0;1,0;1,0
16760;7,877;75,0;611,0;554,0;20,0;2,0;1,0;5,0;1,0;16,0;8,0;1,0;1,0
16785;7,884;74,0;611,0;554,0;20,0;2,0;1,0;5,0;1,0;16,0;8,0;1,0;1,0
16804;7,891;73,0;611,0;554,0;20,0;2,0;1,0;5,0;1,0;16,0;8,0;1,0;1,0
16812;7,894;72,0;611,0;554,0;20,0;2,0;1,0;5,0;1,0;16,0;8,0;1,0;1,0
16843;7,905;71,0;611,0;554,0;20,0;2,0;1,0;5,0;1,0;16,0;8,0;1,0;1,0
16847;7,907;70,0;611,0;554,0;20,0;2,0;1,0;5,0;1,0;16,0;8,0;1,0;1,0
16854;7,91;69,0;611,0;554,0;20,0;2,0;1,0;5,0;1,0;16,0;8,0;1,0;1,0
16855;7,912;68,0;611,0;554,0;20,0;2,0;1,0;5,0;1,0;16,0;8,0;1,0;1,0
16858;7,914;67,0;611,0;554,0;20,0;2,0;1,0;5,0;1,0;16,0;8,0;1,0;1,0
16881;7,923;66,0;611,0;554,0;20,0;2,0;1,0;5,0;1,0;16,0;8,0;1,0;1,0
16909;7,932;65,0;611,0;554,0;20,0;2,0;1,0;5,0;1,0;16,0;8,0;1,0;1,0
17000;7,958;65,0;611,0;554,0;20,0;2,0;1,0;5,0;1,0;16,0;8,0;1,0;1,0
17037;7,97;63,0;611,0;554,0;20,0;2,0;1,0;5,0;1,0;16,0;8,0;1,0;1,0
17041;7,972;62,0;611,0;554,0;20,0;2,0;1,0;5,0;1,0;16,0;8,0;1,0;1,0
17044;7,974;61,0;611,0;554,0;20,0;2,0;1,0;5,0;1,0;16,0;8,0;1,0;1,0
17059;7,979;60,0;611,0;554,0;20,0;2,0;1,0;5,0;1,0;16,0;8,0;1,0;1,0
17226;8,02;59,0;611,0;554,0;20,0;2,0;1,0;5,0;1,0;16,0;8,0;1,0;1,0
17240;8,025;57,0;611,0;554,0;20,0;2,0;1,0;5,0;1,0;16,0;8,0;1,0;1,0
17251;8,028;56,0;611,0;554,0;20,0;2,0;1,0;5,0;1,0;16,0;8,0;1,0;1,0
17263;8,033;55,0;611,0;554,0;20,0;2,0;1,0;5,0;1,0;16,0;8,0;1,0;1,0
17274;8,036;54,0;611,0;554,0;20,0;2,0;1,0;5,0;1,0;16,0;8,0;1,0;1,0
17302;8,045;53,0;611,0;554,0;20,0;2,0;1,0;5,0;1,0;16,0;8,0;1,0;1,0
17315;8,049;52,0;611,0;554,0;20,0;2,0;1,0;5,0;1,0;16,0;8,0;1,0;1,0
17393;8,072;51,0;611,0;554,0;20,0;2,0;1,0;5,0;1,0;16,0;8,0;1,0;1,0
17394;8,074;50,0;611,0;554,0;20,0;2,0;1,0;5,0;1,0;16,0;8,0;1,0;1,0
17489;8,101;49,0;611,0;554,0;20,0;2,0;1,0;5,0;1,0;16,0;8,0;1,0;1,0
17492;8,103;48,0;611,0;554,0;20,0;2,0;1,0;5,0;1,0;16,0;8,0;1,0;1,0
17533;8,113;47,0;611,0;554,0;20,0;2,0;1,0;5,0;1,0;16,0;8,0;1,0;1,0
17584;8,126;45,0;611,0;554,0;20,0;2,0;1,0;5,0;1,0;16,0;8,0;1,0;1,0
17585;8,127;44,0;611,0;554,0;20,0;2,0;1,0;5,0;1,0;16,0;8,0;1,0;1,0
17683;8,15;43,0;611,0;554,0;20,0;2,0;1,0;5,0;1,0;16,0;8,0;1,0;1,0
17689;8,153;42,0;611,0;554,0;20,0;2,0;1,0;5,0;1,0;16,0;8,0;1,0;1,0
17702;8,158;41,0;611,0;554,0;20,0;2,0;1,0;5,0;1,0;16,0;8,0;1,0;1,0
17843;8,19;39,0;611,0;554,0;20,0;2,0;1,0;5,0;1,0;16,0;8,0;1,0;1,0
18000;8,226;39,0;611,0;554,0;20,0;2,0;1,0;5,0;1,0;16,0;8,0;1,0;1,0
18029;8,234;38,0;611,0;554,0;20,0;2,0;1,0;5,0;1,0;16,0;8,0;1,0;1,0
18125;8,256;37,0;611,0;554,0;20,0;2,0;1,0;5,0;1,0;16,0;8,0;1,0;1,0
18190;8,273;36,0;611,0;554,0;20,0;2,0;1,0;5,0;1,0;16,0;8,0;1,0;1,0
18194;8,276;35,0;611,0;554,0;20,0;2,0;1,0;5,0;1,0;16,0;8,0;1,0;1,0
18201;8,278;34,0;611,0;554,0;20,0;2,0;1,0;5,0;1,0;16,0;8,0;1,0;1,0
18721;8,388;471,0;611,0;554,0;20,0;2,0;1,0;5,0;1,0;16,0;8,0;1,0;1,0
18722;8,391;469,0;611,0;554,0;20,0;2,0;1,0;5,0;1,0;16,0;8,0;1,0;1,0
18723;8,392;466,0;611,0;554,0;20,0;2,0;1,0;5,0;1,0;16,0;8,0;1,0;1,0
18724;8,393;463,0;611,0;554,0;20,0;2,0;1,0;5,0;1,0;16,0;8,0;1,0;1,0
18725;8,395;460,0;611,0;554,0;20,0;2,0;1,0;5,0;1,0;16,0;8,0;1,0;1,0
18727;8,396;459,0;611,0;554,0;20,0;2,0;1,0;5,0;1,0;16,0;8,0;1,0;1,0
18728;8,398;458,0;611,0;554,0;20,0;2,0;1,0;5,0;1,0;16,0;8,0;1,0;1,0
18729;8,399;453,0;611,0;554,0;20,0;2,0;1,0;5,0;1,0;16,0;8,0;1,0;1,0
18730;8,401;449,0;611,0;554,0;20,0;2,0;1,0;5,0;1,0;16,0;8,0;1,0;1,0
18732;8,403;447,0;611,0;554,0;20,0;2,0;1,0;5,0;1,0;16,0;8,0;1,0;1,0
18734;8,406;438,0;611,0;554,0;20,0;2,0;1,0;5,0;1,0;16,0;8,0;1,0;1,0
18735;8,407;431,0;611,0;554,0;20,0;2,0;1,0;5,0;1,0;16,0;8,0;1,0;1,0
18736;8,408;428,0;611,0;554,0;20,0;2,0;1,0;5,0;1,0;16,0;8,0;1,0;1,0
18738;8,41;419,0;611,0;554,0;20,0;2,0;1,0;5,0;1,0;16,0;8,0;1,0;1,0
18740;8,412;415,0;611,0;554,0;20,0;2,0;1,0;5,0;1,0;16,0;8,0;1,0;1,0
18741;8,414;411,0;611,0;554,0;20,0;2,0;1,0;5,0;1,0;16,0;8,0;1,0;1,0
18742;8,415;407,0;611,0;554,0;20,0;2,0;1,0;5,0;1,0;16,0;8,0;1,0;1,0
18743;8,418;406,0;611,0;554,0;20,0;2,0;1,0;5,0;1,0;16,0;8,0;1,0;1,0
18745;8,42;401,0;611,0;554,0;20,0;2,0;1,0;5,0;1,0;16,0;8,0;1,0;1,0
18746;8,421;397,0;611,0;554,0;20,0;2,0;1,0;5,0;1,0;16,0;8,0;1,0;1,0
18748;8,423;395,0;611,0;554,0;20,0;2,0;1,0;5,0;1,0;16,0;8,0;1,0;1,0
18749;8,425;393,0;611,0;554,0;20,0;2,0;1,0;5,0;1,0;16,0;8,0;1,0;1,0
18750;8,426;389,0;611,0;554,0;20,0;2,0;1,0;5,0;1,0;16,0;8,0;1,0;1,0
18751;8,428;384,0;611,0;554,0;20,0;2,0;1,0;5,0;1,0;16,0;8,0;1,0;1,0
18752;8,429;383,0;611,0;554,0;20,0;2,0;1,0;5,0;1,0;16,0;8,0;1,0;1,0
18754;8,431;380,0;611,0;554,0;20,0;2,0;1,0;5,0;1,0;16,0;8,0;1,0;1,0
18755;8,433;377,0;611,0;554,0;20,0;2,0;1,0;5,0;1,0;16,0;8,0;1,0;1,0
18756;8,434;375,0;611,0;554,0;20,0;2,0;1,0;5,0;1,0;16,0;8,0;1,0;1,0
18758;8,436;369,0;611,0;554,0;20,0;2,0;1,0;5,0;1,0;16,0;8,0;1,0;1,0
18759;8,44;366,0;611,0;554,0;21,0;2,0;1,0;5,0;1,0;16,0;8,0;1,0;1,0
18761;8,443;363,0;611,0;554,0;21,0;2,0;1,0;5,0;1,0;16,0;8,0;1,0;1,0
18764;8,445;360,0;611,0;554,0;21,0;2,0;1,0;5,0;1,0;16,0;8,0;1,0;1,0
18765;8,446;354,0;611,0;554,0;21,0;2,0;1,0;5,0;1,0;16,0;8,0;1,0;1,0
18768;8,448;350,0;611,0;554,0;21,0;2,0;1,0;5,0;1,0;16,0;8,0;1,0;1,0
18769;8,45;346,0;611,0;554,0;21,0;2,0;1,0;5,0;1,0;16,0;8,0;1,0;1,0
18771;8,451;345,0;611,0;554,0;21,0;2,0;1,0;5,0;1,0;16,0;8,0;1,0;1,0
18772;8,453;343,0;611,0;554,0;21,0;2,0;1,0;5,0;1,0;16,0;8,0;1,0;1,0
18773;8,454;341,0;611,0;554,0;21,0;2,0;1,0;5,0;1,0;16,0;8,0;1,0;1,0
18775;8,456;338,0;611,0;554,0;21,0;2,0;1,0;5,0;1,0;16,0;8,0;1,0;1,0
18776;8,458;335,0;611,0;554,0;21,0;2,0;1,0;5,0;1,0;16,0;8,0;1,0;1,0
18777;8,463;334,0;611,0;554,0;21,0;2,0;1,0;5,0;1,0;16,0;8,0;1,0;1,0
18778;8,464;331,0;611,0;554,0;21,0;2,0;1,0;5,0;1,0;16,0;8,0;1,0;1,0
18779;8,466;330,0;611,0;554,0;21,0;2,0;1,0;5,0;1,0;16,0;8,0;1,0;1,0
18782;8,468;327,0;611,0;554,0;21,0;2,0;1,0;5,0;1,0;16,0;8,0;1,0;1,0
18783;8,47;325,0;611,0;554,0;21,0;2,0;1,0;5,0;1,0;16,0;8,0;1,0;1,0
18784;8,471;322,0;611,0;554,0;21,0;2,0;1,0;5,0;1,0;16,0;8,0;1,0;1,0
18786;8,473;315,0;611,0;554,0;21,0;2,0;1,0;5,0;1,0;16,0;8,0;1,0;1,0
18788;8,474;314,0;611,0;554,0;21,0;2,0;1,0;5,0;1,0;16,0;8,0;1,0;1,0
18790;8,476;310,0;611,0;554,0;21,0;2,0;1,0;5,0;1,0;16,0;8,0;1,0;1,0
18792;8,478;309,0;611,0;554,0;21,0;2,0;1,0;5,0;1,0;16,0;8,0;1,0;1,0
18793;8,483;307,0;611,0;554,0;21,0;2,0;1,0;5,0;1,0;16,0;8,0;1,0;1,0
18795;8,484;305,0;611,0;554,0;21,0;2,0;1,0;5,0;1,0;16,0;8,0;1,0;1,0
18796;8,485;304,0;611,0;554,0;21,0;2,0;1,0;5,0;1,0;16,0;8,0;1,0;1,0
18799;8,487;303,0;611,0;554,0;21,0;2,0;1,0;5,0;1,0;16,0;8,0;1,0;1,0
18801;8,488;298,0;611,0;554,0;21,0;2,0;1,0;5,0;1,0;16,0;8,0;1,0;1,0
18802;8,49;294,0;611,0;554,0;21,0;2,0;1,0;5,0;1,0;16,0;8,0;1,0;1,0
18806;8,492;292,0;611,0;554,0;21,0;2,0;1,0;5,0;1,0;16,0;8,0;1,0;1,0
18809;8,494;288,0;611,0;554,0;21,0;2,0;1,0;5,0;1,0;16,0;8,0;1,0;1,0
18812;8,496;285,0;611,0;554,0;21,0;2,0;1,0;5,0;1,0;16,0;8,0;1,0;1,0
18815;8,498;277,0;611,0;554,0;21,0;2,0;1,0;5,0;1,0;16,0;8,0;1,0;1,0
18816;8,499;275,0;611,0;554,0;21,0;2,0;1,0;5,0;1,0;16,0;8,0;1,0;1,0
18817;8,5;273,0;611,0;554,0;21,0;2,0;1,0;5,0;1,0;16,0;8,0;1,0;1,0
18821;8,503;267,0;611,0;554,0;21,0;2,0;1,0;5,0;1,0;16,0;8,0;1,0;1,0
18827;8,505;265,0;611,0;554,0;21,0;2,0;1,0;5,0;1,0;16,0;8,0;1,0;1,0
18828;8,507;262,0;611,0;554,0;21,0;2,0;1,0;5,0;1,0;16,0;8,0;1,0;1,0
18830;8,509;261,0;611,0;554,0;21,0;2,0;1,0;5,0;1,0;16,0;8,0;1,0;1,0
18834;8,512;257,0;611,0;554,0;21,0;2,0;1,0;5,0;1,0;16,0;8,0;1,0;1,0
18835;8,513;256,0;611,0;554,0;21,0;2,0;1,0;5,0;1,0;16,0;8,0;1,0;1,0
18836;8,515;255,0;611,0;554,0;21,0;2,0;1,0;5,0;1,0;16,0;8,0;1,0;1,0
18838;8,517;253,0;611,0;554,0;21,0;2,0;1,0;5,0;1,0;16,0;8,0;1,0;1,0
18839;8,518;252,0;611,0;554,0;21,0;2,0;1,0;5,0;1,0;16,0;8,0;1,0;1,0
18840;8,519;248,0;611,0;554,0;21,0;2,0;1,0;5,0;1,0;16,0;8,0;1,0;1,0
18843;8,524;247,0;611,0;554,0;22,0;2,0;1,0;5,0;1,0;16,0;8,0;1,0;1,0
18844;8,525;246,0;611,0;554,0;22,0;2,0;1,0;5,0;1,0;16,0;8,0;1,0;1,0
18845;8,528;243,0;611,0;554,0;22,0;2,0;1,0;5,0;1,0;16,0;8,0;1,0;1,0
18846;8,531;240,0;611,0;554,0;22,0;2,0;1,0;5,0;1,0;16,0;8,0;1,0;1,0
18847;8,533;239,0;611,0;554,0;22,0;2,0;1,0;5,0;1,0;16,0;8,0;1,0;1,0
18848;8,536;235,0;611,0;554,0;22,0;2,0;1,0;5,0;1,0;16,0;8,0;1,0;1,0
18851;8,538;233,0;611,0;554,0;22,0;2,0;1,0;5,0;1,0;16,0;8,0;1,0;1,0
18852;8,539;231,0;611,0;554,0;22,0;2,0;1,0;5,0;1,0;16,0;8,0;1,0;1,0
18855;8,541;230,0;611,0;554,0;22,0;2,0;1,0;5,0;1,0;16,0;8,0;1,0;1,0
18861;8,546;226,0;611,0;554,0;22,0;2,0;1,0;5,0;1,0;16,0;8,0;1,0;1,0
18863;8,549;225,0;611,0;554,0;22,0;2,0;1,0;5,0;1,0;16,0;8,0;1,0;1,0
18869;8,552;223,0;611,0;554,0;22,0;2,0;1,0;5,0;1,0;16,0;8,0;1,0;1,0
18872;8,556;221,0;611,0;554,0;22,0;2,0;1,0;5,0;1,0;16,0;8,0;1,0;1,0
18874;8,558;220,0;611,0;554,0;22,0;2,0;1,0;5,0;1,0;16,0;8,0;1,0;1,0
18877;8,56;219,0;611,0;554,0;22,0;2,0;1,0;5,0;1,0;16,0;8,0;1,0;1,0
18884;8,565;218,0;611,0;554,0;23,0;2,0;1,0;5,0;1,0;16,0;8,0;1,0;1,0
18890;8,57;215,0;611,0;554,0;23,0;2,0;1,0;5,0;1,0;16,0;8,0;1,0;1,0
18891;8,573;212,0;611,0;554,0;23,0;2,0;1,0;5,0;1,0;16,0;8,0;1,0;1,0
18892;8,575;210,0;611,0;554,0;23,0;2,0;1,0;5,0;1,0;16,0;8,0;1,0;1,0
18895;8,578;208,0;611,0;554,0;23,0;2,0;1,0;5,0;1,0;16,0;8,0;1,0;1,0
18896;8,582;205,0;611,0;554,0;23,0;2,0;1,0;5,0;1,0;16,0;8,0;1,0;1,0
18898;8,585;203,0;611,0;554,0;23,0;2,0;1,0;5,0;1,0;16,0;8,0;1,0;1,0
18900;8,587;201,0;611,0;554,0;23,0;2,0;1,0;5,0;1,0;16,0;8,0;1,0;1,0
18902;8,589;199,0;611,0;554,0;23,0;2,0;1,0;5,0;1,0;16,0;8,0;1,0;1,0
18903;8,59;198,0;611,0;554,0;23,0;2,0;1,0;5,0;1,0;16,0;8,0;1,0;1,0
18904;8,594;197,0;611,0;554,0;23,0;2,0;1,0;5,0;1,0;16,0;8,0;1,0;1,0
18907;8,596;192,0;611,0;554,0;23,0;2,0;1,0;5,0;1,0;16,0;8,0;1,0;1,0
18909;8,597;191,0;611,0;554,0;23,0;2,0;1,0;5,0;1,0;16,0;8,0;1,0;1,0
18916;8,6;188,0;611,0;554,0;23,0;2,0;1,0;5,0;1,0;16,0;8,0;1,0;1,0
18917;8,601;186,0;611,0;554,0;23,0;2,0;1,0;5,0;1,0;16,0;8,0;1,0;1,0
18919;8,605;184,0;611,0;554,0;23,0;2,0;1,0;5,0;1,0;16,0;8,0;1,0;1,0
18927;8,614;183,0;611,0;554,0;23,0;2,0;1,0;5,0;1,0;16,0;8,0;1,0;1,0
18928;8,615;181,0;611,0;554,0;23,0;2,0;1,0;5,0;1,0;16,0;8,0;1,0;1,0
18932;8,618;179,0;611,0;554,0;23,0;2,0;1,0;5,0;1,0;16,0;8,0;1,0;1,0
18934;8,62;178,0;611,0;554,0;23,0;2,0;1,0;5,0;1,0;16,0;8,0;1,0;1,0
18935;8,623;177,0;611,0;554,0;23,0;2,0;1,0;5,0;1,0;16,0;8,0;1,0;1,0
18936;8,624;176,0;611,0;554,0;23,0;2,0;1,0;5,0;1,0;16,0;8,0;1,0;1,0
18937;8,627;175,0;611,0;554,0;23,0;2,0;1,0;5,0;1,0;16,0;8,0;1,0;1,0
18938;8,631;174,0;611,0;554,0;24,0;2,0;1,0;5,0;1,0;16,0;8,0;1,0;1,0
18945;8,634;170,0;611,0;554,0;24,0;2,0;1,0;5,0;1,0;16,0;8,0;1,0;1,0
18946;8,637;169,0;611,0;554,0;24,0;2,0;1,0;5,0;1,0;16,0;8,0;1,0;1,0
18947;8,641;166,0;611,0;554,0;24,0;2,0;1,0;5,0;1,0;16,0;8,0;1,0;1,0
18948;8,642;165,0;611,0;554,0;24,0;2,0;1,0;5,0;1,0;16,0;8,0;1,0;1,0
18951;8,646;164,0;611,0;554,0;24,0;2,0;1,0;5,0;1,0;16,0;8,0;1,0;1,0
18954;8,65;162,0;611,0;554,0;24,0;2,0;1,0;5,0;1,0;16,0;8,0;1,0;1,0
18956;8,651;161,0;611,0;554,0;24,0;2,0;1,0;5,0;1,0;16,0;8,0;1,0;1,0
18958;8,654;160,0;611,0;554,0;24,0;2,0;1,0;5,0;1,0;16,0;8,0;1,0;1,0
18964;8,659;156,0;611,0;554,0;24,0;2,0;1,0;5,0;1,0;16,0;8,0;1,0;1,0
18966;8,661;154,0;611,0;554,0;24,0;2,0;1,0;5,0;1,0;16,0;8,0;1,0;1,0
18968;8,664;151,0;611,0;554,0;24,0;2,0;1,0;5,0;1,0;16,0;8,0;1,0;1,0
18970;8,666;150,0;611,0;554,0;24,0;2,0;1,0;5,0;1,0;16,0;8,0;1,0;1,0
18976;8,672;149,0;611,0;554,0;24,0;2,0;1,0;5,0;1,0;16,0;8,0;1,0;1,0
18984;8,679;145,0;611,0;554,0;24,0;2,0;1,0;5,0;1,0;16,0;8,0;1,0;1,0
18985;8,682;144,0;611,0;554,0;24,0;2,0;1,0;5,0;1,0;16,0;8,0;1,0;1,0
18989;8,684;141,0;611,0;554,0;24,0;2,0;1,0;5,0;1,0;16,0;8,0;1,0;1,0
18992;8,688;137,0;611,0;554,0;24,0;2,0;1,0;5,0;1,0;16,0;8,0;1,0;1,0
18996;8,693;135,0;611,0;554,0;24,0;2,0;1,0;5,0;1,0;16,0;8,0;1,0;1,0
19000;8,696;133,0;611,0;554,0;24,0;2,0;1,0;5,0;1,0;16,0;8,0;1,0;1,0
19000;8,696;133,0;611,0;554,0;24,0;2,0;1,0;5,0;1,0;16,0;8,0;1,0;1,0
19002;8,7;129,0;611,0;554,0;24,0;2,0;1,0;5,0;1,0;16,0;8,0;1,0;1,0
19005;8,703;127,0;611,0;554,0;24,0;2,0;1,0;5,0;1,0;16,0;8,0;1,0;1,0
19006;8,705;125,0;611,0;554,0;24,0;2,0;1,0;5,0;1,0;16,0;8,0;1,0;1,0
19021;8,713;124,0;611,0;554,0;24,0;2,0;1,0;5,0;1,0;16,0;8,0;1,0;1,0
19027;8,717;123,0;611,0;554,0;24,0;2,0;1,0;5,0;1,0;16,0;8,0;1,0;1,0
19028;8,719;121,0;611,0;554,0;24,0;2,0;1,0;5,0;1,0;16,0;8,0;1,0;1,0
19035;8,724;120,0;611,0;554,0;24,0;2,0;1,0;5,0;1,0;16,0;8,0;1,0;1,0
19037;8,726;119,0;611,0;554,0;24,0;2,0;1,0;5,0;1,0;16,0;8,0;1,0;1,0
19038;8,727;117,0;611,0;554,0;24,0;2,0;1,0;5,0;1,0;16,0;8,0;1,0;1,0
19039;8,729;115,0;611,0;554,0;24,0;2,0;1,0;5,0;1,0;16,0;8,0;1,0;1,0
19040;8,732;113,0;611,0;554,0;24,0;2,0;1,0;5,0;1,0;16,0;8,0;1,0;1,0
19047;8,736;112,0;611,0;554,0;24,0;2,0;1,0;5,0;1,0;16,0;8,0;1,0;1,0
19051;8,741;110,0;611,0;554,0;24,0;2,0;1,0;5,0;1,0;16,0;8,0;1,0;1,0
19053;8,745;108,0;611,0;554,0;24,0;2,0;1,0;5,0;1,0;16,0;8,0;1,0;1,0
19060;8,749;107,0;611,0;554,0;24,0;2,0;1,0;5,0;1,0;16,0;8,0;1,0;1,0
19061;8,752;106,0;611,0;554,0;24,0;2,0;1,0;5,0;1,0;16,0;8,0;1,0;1,0
19066;8,756;105,0;611,0;554,0;24,0;2,0;1,0;5,0;1,0;16,0;8,0;1,0;1,0
19074;8,76;104,0;611,0;554,0;24,0;2,0;1,0;5,0;1,0;16,0;8,0;1,0;1,0
19076;8,762;103,0;611,0;554,0;24,0;2,0;1,0;5,0;1,0;16,0;8,0;1,0;1,0
19079;8,765;102,0;611,0;554,0;24,0;2,0;1,0;5,0;1,0;16,0;8,0;1,0;1,0
19087;8,775;100,0;611,0;554,0;24,0;2,0;1,0;5,0;1,0;16,0;8,0;1,0;1,0
19088;8,777;99,0;611,0;554,0;24,0;2,0;1,0;5,0;1,0;16,0;8,0;1,0;1,0
19092;8,78;98,0;611,0;554,0;24,0;2,0;1,0;5,0;1,0;16,0;8,0;1,0;1,0
19094;8,782;94,0;611,0;554,0;24,0;2,0;1,0;5,0;1,0;16,0;8,0;1,0;1,0
19098;8,786;93,0;611,0;554,0;24,0;2,0;1,0;5,0;1,0;16,0;8,0;1,0;1,0
19099;8,787;92,0;611,0;554,0;24,0;2,0;1,0;5,0;1,0;16,0;8,0;1,0;1,0
19101;8,79;91,0;611,0;554,0;24,0;2,0;1,0;5,0;1,0;16,0;8,0;1,0;1,0
19102;8,791;90,0;611,0;554,0;24,0;2,0;1,0;5,0;1,0;16,0;8,0;1,0;1,0
19108;8,796;89,0;611,0;554,0;24,0;2,0;1,0;5,0;1,0;16,0;8,0;1,0;1,0
19112;8,799;87,0;611,0;554,0;24,0;2,0;1,0;5,0;1,0;16,0;8,0;1,0;1,0
19116;8,803;84,0;611,0;554,0;24,0;2,0;1,0;5,0;1,0;16,0;8,0;1,0;1,0
19134;8,816;82,0;611,0;554,0;24,0;2,0;1,0;5,0;1,0;16,0;8,0;1,0;1,0
19144;8,824;81,0;611,0;554,0;23,0;2,0;1,0;5,0;1,0;16,0;8,0;1,0;1,0
19148;8,827;80,0;611,0;554,0;23,0;2,0;1,0;5,0;1,0;16,0;8,0;1,0;1,0
19157;8,837;79,0;611,0;554,0;23,0;2,0;1,0;5,0;1,0;16,0;8,0;1,0;1,0
19161;8,841;77,0;611,0;554,0;23,0;2,0;1,0;5,0;1,0;16,0;8,0;1,0;1,0
19164;8,843;76,0;611,0;554,0;23,0;2,0;1,0;5,0;1,0;16,0;8,0;1,0;1,0
19165;8,845;75,0;611,0;554,0;23,0;2,0;1,0;5,0;1,0;16,0;8,0;1,0;1,0
19204;8,868;74,0;611,0;554,0;23,0;2,0;1,0;5,0;1,0;16,0;8,0;1,0;1,0
19232;8,883;72,0;611,0;554,0;23,0;2,0;1,0;5,0;1,0;16,0;8,0;1,0;1,0
19235;8,887;71,0;611,0;554,0;22,0;2,0;1,0;5,0;1,0;16,0;8,0;1,0;1,0
19247;8,894;70,0;611,0;554,0;22,0;2,0;1,0;5,0;1,0;16,0;8,0;1,0;1,0
19296;8,921;69,0;611,0;554,0;22,0;2,0;1,0;5,0;1,0;16,0;8,0;1,0;1,0
19299;8,923;68,0;611,0;554,0;22,0;2,0;1,0;5,0;1,0;16,0;8,0;1,0;1,0
19334;8,94;67,0;611,0;554,0;22,0;2,0;1,0;5,0;1,0;16,0;8,0;1,0;1,0
19459;8,997;66,0;611,0;554,0;22,0;2,0;1,0;5,0;1,0;16,0;8,0;1,0;1,0
19592;9,056;65,0;611,0;554,0;21,0;2,0;1,0;5,0;1,0;16,0;8,0;1,0;1,0
19621;9,069;64,0;611,0;554,0;21,0;2,0;1,0;5,0;1,0;16,0;8,0;1,0;1,0
19624;9,073;63,0;611,0;554,0;21,0;2,0;1,0;5,0;1,0;16,0;8,0;1,0;1,0
19625;9,074;62,0;611,0;554,0;21,0;2,0;1,0;5,0;1,0;16,0;8,0;1,0;1,0
19686;9,103;61,0;611,0;554,0;21,0;2,0;1,0;5,0;1,0;16,0;8,0;1,0;1,0
19687;9,104;60,0;611,0;554,0;21,0;2,0;1,0;5,0;1,0;16,0;8,0;1,0;1,0
19697;9,109;59,0;611,0;554,0;21,0;2,0;1,0;5,0;1,0;16,0;8,0;1,0;1,0
19940;9,217;433,0;611,0;554,0;21,0;2,0;1,0;5,0;1,0;16,0;8,0;1,0;1,0
19941;9,218;431,0;611,0;554,0;21,0;2,0;1,0;5,0;1,0;16,0;8,0;1,0;1,0
19943;9,223;429,0;611,0;554,0;21,0;2,0;1,0;5,0;1,0;16,0;8,0;1,0;1,0
19944;9,224;427,0;611,0;554,0;21,0;2,0;1,0;5,0;1,0;16,0;8,0;1,0;1,0
19948;9,228;424,0;611,0;554,0;21,0;2,0;1,0;5,0;1,0;16,0;8,0;1,0;1,0
19949;9,229;422,0;611,0;554,0;21,0;2,0;1,0;5,0;1,0;16,0;8,0;1,0;1,0
19951;9,23;421,0;611,0;554,0;21,0;2,0;1,0;5,0;1,0;16,0;8,0;1,0;1,0
19953;9,236;419,0;611,0;554,0;21,0;2,0;1,0;5,0;1,0;16,0;8,0;1,0;1,0
19955;9,238;416,0;611,0;554,0;21,0;2,0;1,0;5,0;1,0;16,0;8,0;1,0;1,0
19958;9,24;415,0;611,0;554,0;21,0;2,0;1,0;5,0;1,0;16,0;8,0;1,0;1,0
19959;9,242;407,0;611,0;554,0;21,0;2,0;1,0;5,0;1,0;16,0;8,0;1,0;1,0
19960;9,243;405,0;611,0;554,0;21,0;2,0;1,0;5,0;1,0;16,0;8,0;1,0;1,0
19961;9,244;404,0;611,0;554,0;21,0;2,0;1,0;5,0;1,0;16,0;8,0;1,0;1,0
19962;9,245;403,0;611,0;554,0;21,0;2,0;1,0;5,0;1,0;16,0;8,0;1,0;1,0
19963;9,247;399,0;611,0;554,0;21,0;2,0;1,0;5,0;1,0;16,0;8,0;1,0;1,0
19965;9,248;397,0;611,0;554,0;21,0;2,0;1,0;5,0;1,0;16,0;8,0;1,0;1,0
19966;9,249;394,0;611,0;554,0;21,0;2,0;1,0;5,0;1,0;16,0;8,0;1,0;1,0
19967;9,251;392,0;611,0;554,0;21,0;2,0;1,0;5,0;1,0;16,0;8,0;1,0;1,0
19968;9,252;391,0;611,0;554,0;21,0;2,0;1,0;5,0;1,0;16,0;8,0;1,0;1,0
19970;9,253;390,0;611,0;554,0;21,0;2,0;1,0;5,0;1,0;16,0;8,0;1,0;1,0
19971;9,255;385,0;611,0;554,0;21,0;2,0;1,0;5,0;1,0;16,0;8,0;1,0;1,0
19972;9,257;384,0;611,0;554,0;21,0;2,0;1,0;5,0;1,0;16,0;8,0;1,0;1,0
19973;9,258;380,0;611,0;554,0;21,0;2,0;1,0;5,0;1,0;16,0;8,0;1,0;1,0
19974;9,259;375,0;611,0;554,0;21,0;2,0;1,0;5,0;1,0;16,0;8,0;1,0;1,0
19975;9,26;370,0;611,0;554,0;21,0;2,0;1,0;5,0;1,0;16,0;8,0;1,0;1,0
19977;9,262;369,0;611,0;554,0;21,0;2,0;1,0;5,0;1,0;16,0;8,0;1,0;1,0
19979;9,263;364,0;611,0;554,0;21,0;2,0;1,0;5,0;1,0;16,0;8,0;1,0;1,0
19980;9,268;361,0;611,0;554,0;21,0;2,0;1,0;5,0;1,0;16,0;8,0;1,0;1,0
19981;9,269;360,0;611,0;554,0;21,0;2,0;1,0;5,0;1,0;16,0;8,0;1,0;1,0
19982;9,27;358,0;611,0;554,0;21,0;2,0;1,0;5,0;1,0;16,0;8,0;1,0;1,0
19983;9,271;357,0;611,0;554,0;21,0;2,0;1,0;5,0;1,0;16,0;8,0;1,0;1,0
19984;9,276;355,0;611,0;554,0;21,0;2,0;1,0;5,0;1,0;16,0;8,0;1,0;1,0
19985;9,278;353,0;611,0;554,0;21,0;2,0;1,0;5,0;1,0;16,0;8,0;1,0;1,0
19989;9,28;351,0;611,0;554,0;21,0;2,0;1,0;5,0;1,0;16,0;8,0;1,0;1,0
19991;9,282;350,0;611,0;554,0;21,0;2,0;1,0;5,0;1,0;16,0;8,0;1,0;1,0
19993;9,283;349,0;611,0;554,0;21,0;2,0;1,0;5,0;1,0;16,0;8,0;1,0;1,0
19994;9,288;346,0;611,0;554,0;21,0;2,0;1,0;5,0;1,0;16,0;8,0;1,0;1,0
19995;9,292;344,0;611,0;554,0;21,0;2,0;1,0;5,0;1,0;16,0;8,0;1,0;1,0
19997;9,294;341,0;611,0;554,0;21,0;2,0;1,0;5,0;1,0;16,0;8,0;1,0;1,0
20000;9,296;340,0;611,0;554,0;21,0;2,0;1,0;5,0;1,0;16,0;8,0;1,0;1,0
20000;9,296;340,0;611,0;554,0;21,0;2,0;1,0;5,0;1,0;16,0;8,0;1,0;1,0
20003;9,298;338,0;611,0;554,0;21,0;2,0;1,0;5,0;1,0;16,0;8,0;1,0;1,0
20004;9,299;336,0;611,0;554,0;21,0;2,0;1,0;5,0;1,0;16,0;8,0;1,0;1,0
20005;9,3;335,0;611,0;554,0;21,0;2,0;1,0;5,0;1,0;16,0;8,0;1,0;1,0
20007;9,301;334,0;611,0;554,0;21,0;2,0;1,0;5,0;1,0;16,0;8,0;1,0;1,0
20009;9,303;329,0;611,0;554,0;21,0;2,0;1,0;5,0;1,0;16,0;8,0;1,0;1,0
20013;9,308;328,0;611,0;554,0;21,0;2,0;1,0;5,0;1,0;16,0;8,0;1,0;1,0
20015;9,312;326,0;611,0;554,0;22,0;2,0;1,0;5,0;1,0;16,0;8,0;1,0;1,0
20016;9,314;322,0;611,0;554,0;22,0;2,0;1,0;5,0;1,0;16,0;8,0;1,0;1,0
20018;9,315;320,0;611,0;554,0;22,0;2,0;1,0;5,0;1,0;16,0;8,0;1,0;1,0
20020;9,319;319,0;611,0;554,0;22,0;2,0;1,0;5,0;1,0;16,0;8,0;1,0;1,0
20022;9,321;318,0;611,0;554,0;22,0;2,0;1,0;5,0;1,0;16,0;8,0;1,0;1,0
20023;9,322;314,0;611,0;554,0;22,0;2,0;1,0;5,0;1,0;16,0;8,0;1,0;1,0
20025;9,325;312,0;611,0;554,0;22,0;2,0;1,0;5,0;1,0;16,0;8,0;1,0;1,0
20026;9,329;309,0;611,0;554,0;22,0;2,0;1,0;5,0;1,0;16,0;8,0;1,0;1,0
20027;9,333;306,0;611,0;554,0;22,0;2,0;1,0;5,0;1,0;16,0;8,0;1,0;1,0
20028;9,335;303,0;611,0;554,0;22,0;2,0;1,0;5,0;1,0;16,0;8,0;1,0;1,0
20029;9,336;301,0;611,0;554,0;22,0;2,0;1,0;5,0;1,0;16,0;8,0;1,0;1,0
20031;9,338;295,0;611,0;554,0;22,0;2,0;1,0;5,0;1,0;16,0;8,0;1,0;1,0
20033;9,34;294,0;611,0;554,0;22,0;2,0;1,0;5,0;1,0;16,0;8,0;1,0;1,0
20038;9,342;287,0;611,0;554,0;22,0;2,0;1,0;5,0;1,0;16,0;8,0;1,0;1,0
20041;9,344;285,0;611,0;554,0;22,0;2,0;1,0;5,0;1,0;16,0;8,0;1,0;1,0
20045;9,349;283,0;611,0;554,0;22,0;2,0;1,0;5,0;1,0;16,0;8,0;1,0;1,0
20048;9,35;279,0;611,0;554,0;22,0;2,0;1,0;5,0;1,0;16,0;8,0;1,0;1,0
20050;9,352;278,0;611,0;554,0;22,0;2,0;1,0;5,0;1,0;16,0;8,0;1,0;1,0
20052;9,354;277,0;611,0;554,0;22,0;2,0;1,0;5,0;1,0;16,0;8,0;1,0;1,0
20053;9,356;275,0;611,0;554,0;22,0;2,0;1,0;5,0;1,0;16,0;8,0;1,0;1,0
20054;9,357;272,0;611,0;554,0;22,0;2,0;1,0;5,0;1,0;16,0;8,0;1,0;1,0
20055;9,358;270,0;611,0;554,0;22,0;2,0;1,0;5,0;1,0;16,0;8,0;1,0;1,0
20057;9,36;269,0;611,0;554,0;22,0;2,0;1,0;5,0;1,0;16,0;8,0;1,0;1,0
20061;9,363;268,0;611,0;554,0;22,0;2,0;1,0;5,0;1,0;16,0;8,0;1,0;1,0
20062;9,364;266,0;611,0;554,0;22,0;2,0;1,0;5,0;1,0;16,0;8,0;1,0;1,0
20063;9,366;263,0;611,0;554,0;22,0;2,0;1,0;5,0;1,0;16,0;8,0;1,0;1,0
20065;9,37;260,0;611,0;554,0;22,0;2,0;1,0;5,0;1,0;16,0;8,0;1,0;1,0
20067;9,373;257,0;611,0;554,0;22,0;2,0;1,0;5,0;1,0;16,0;8,0;1,0;1,0
20072;9,376;256,0;611,0;554,0;22,0;2,0;1,0;5,0;1,0;16,0;8,0;1,0;1,0
20074;9,377;253,0;611,0;554,0;22,0;2,0;1,0;5,0;1,0;16,0;8,0;1,0;1,0
20076;9,379;251,0;611,0;554,0;22,0;2,0;1,0;5,0;1,0;16,0;8,0;1,0;1,0
20077;9,381;250,0;611,0;554,0;22,0;2,0;1,0;5,0;1,0;16,0;8,0;1,0;1,0
20078;9,385;249,0;611,0;554,0;22,0;2,0;1,0;5,0;1,0;16,0;8,0;1,0;1,0
20079;9,387;248,0;611,0;554,0;22,0;2,0;1,0;5,0;1,0;16,0;8,0;1,0;1,0
20080;9,388;246,0;611,0;554,0;22,0;2,0;1,0;5,0;1,0;16,0;8,0;1,0;1,0
20083;9,39;244,0;611,0;554,0;22,0;2,0;1,0;5,0;1,0;16,0;8,0;1,0;1,0
20085;9,393;242,0;611,0;554,0;22,0;2,0;1,0;5,0;1,0;16,0;8,0;1,0;1,0
20089;9,396;240,0;611,0;554,0;22,0;2,0;1,0;5,0;1,0;16,0;8,0;1,0;1,0
20093;9,401;237,0;611,0;554,0;22,0;2,0;1,0;5,0;1,0;16,0;8,0;1,0;1,0
20095;9,402;234,0;611,0;554,0;22,0;2,0;1,0;5,0;1,0;16,0;8,0;1,0;1,0
20096;9,406;232,0;611,0;554,0;22,0;2,0;1,0;5,0;1,0;16,0;8,0;1,0;1,0
20102;9,41;230,0;611,0;554,0;22,0;2,0;1,0;5,0;1,0;16,0;8,0;1,0;1,0
20106;9,412;229,0;611,0;554,0;22,0;2,0;1,0;5,0;1,0;16,0;8,0;1,0;1,0
20109;9,413;228,0;611,0;554,0;22,0;2,0;1,0;5,0;1,0;16,0;8,0;1,0;1,0
20119;9,42;226,0;611,0;554,0;22,0;2,0;1,0;5,0;1,0;16,0;8,0;1,0;1,0
20120;9,422;225,0;611,0;554,0;22,0;2,0;1,0;5,0;1,0;16,0;8,0;1,0;1,0
20122;9,423;223,0;611,0;554,0;22,0;2,0;1,0;5,0;1,0;16,0;8,0;1,0;1,0
20123;9,425;219,0;611,0;554,0;22,0;2,0;1,0;5,0;1,0;16,0;8,0;1,0;1,0
20127;9,429;218,0;611,0;554,0;22,0;2,0;1,0;5,0;1,0;16,0;8,0;1,0;1,0
20130;9,43;215,0;611,0;554,0;22,0;2,0;1,0;5,0;1,0;16,0;8,0;1,0;1,0
20135;9,432;209,0;611,0;554,0;22,0;2,0;1,0;5,0;1,0;16,0;8,0;1,0;1,0
20137;9,436;206,0;611,0;554,0;22,0;2,0;1,0;5,0;1,0;16,0;8,0;1,0;1,0
20139;9,438;204,0;611,0;554,0;22,0;2,0;1,0;5,0;1,0;16,0;8,0;1,0;1,0
20142;9,441;203,0;611,0;554,0;22,0;2,0;1,0;5,0;1,0;16,0;8,0;1,0;1,0
20146;9,443;202,0;611,0;554,0;22,0;2,0;1,0;5,0;1,0;16,0;8,0;1,0;1,0
20147;9,445;201,0;611,0;554,0;22,0;2,0;1,0;5,0;1,0;16,0;8,0;1,0;1,0
20153;9,447;200,0;611,0;554,0;22,0;2,0;1,0;5,0;1,0;16,0;8,0;1,0;1,0
20154;9,45;196,0;611,0;554,0;22,0;2,0;1,0;5,0;1,0;16,0;8,0;1,0;1,0
20155;9,454;195,0;611,0;554,0;22,0;2,0;1,0;5,0;1,0;16,0;8,0;1,0;1,0
20156;9,455;194,0;611,0;554,0;22,0;2,0;1,0;5,0;1,0;16,0;8,0;1,0;1,0
20158;9,457;193,0;611,0;554,0;22,0;2,0;1,0;5,0;1,0;16,0;8,0;1,0;1,0
20162;9,459;192,0;611,0;554,0;22,0;2,0;1,0;5,0;1,0;16,0;8,0;1,0;1,0
20165;9,461;191,0;611,0;554,0;22,0;2,0;1,0;5,0;1,0;16,0;8,0;1,0;1,0
20168;9,466;189,0;611,0;554,0;22,0;2,0;1,0;5,0;1,0;16,0;8,0;1,0;1,0
20169;9,47;188,0;611,0;554,0;22,0;2,0;1,0;5,0;1,0;16,0;8,0;1,0;1,0
20170;9,472;184,0;611,0;554,0;22,0;2,0;1,0;5,0;1,0;16,0;8,0;1,0;1,0
20171;9,475;182,0;611,0;554,0;22,0;2,0;1,0;5,0;1,0;16,0;8,0;1,0;1,0
20172;9,477;179,0;611,0;554,0;22,0;2,0;1,0;5,0;1,0;16,0;8,0;1,0;1,0
20173;9,478;176,0;611,0;554,0;22,0;2,0;1,0;5,0;1,0;16,0;8,0;1,0;1,0
20175;9,482;174,0;611,0;554,0;22,0;2,0;1,0;5,0;1,0;16,0;8,0;1,0;1,0
20177;9,483;173,0;611,0;554,0;22,0;2,0;1,0;5,0;1,0;16,0;8,0;1,0;1,0
20179;9,486;170,0;611,0;554,0;22,0;2,0;1,0;5,0;1,0;16,0;8,0;1,0;1,0
20183;9,488;168,0;611,0;554,0;22,0;2,0;1,0;5,0;1,0;16,0;8,0;1,0;1,0
20184;9,489;166,0;611,0;554,0;22,0;2,0;1,0;5,0;1,0;16,0;8,0;1,0;1,0
20188;9,494;165,0;611,0;554,0;22,0;2,0;1,0;5,0;1,0;16,0;8,0;1,0;1,0
20189;9,495;160,0;611,0;554,0;22,0;2,0;1,0;5,0;1,0;16,0;8,0;1,0;1,0
20192;9,498;157,0;611,0;554,0;22,0;2,0;1,0;5,0;1,0;16,0;8,0;1,0;1,0
20197;9,501;156,0;611,0;554,0;22,0;2,0;1,0;5,0;1,0;16,0;8,0;1,0;1,0
20201;9,503;152,0;611,0;554,0;22,0;2,0;1,0;5,0;1,0;16,0;8,0;1,0;1,0
20202;9,505;151,0;611,0;554,0;22,0;2,0;1,0;5,0;1,0;16,0;8,0;1,0;1,0
20211;9,513;149,0;611,0;554,0;22,0;2,0;1,0;5,0;1,0;16,0;8,0;1,0;1,0
20213;9,516;147,0;611,0;554,0;22,0;2,0;1,0;5,0;1,0;16,0;8,0;1,0;1,0
20214;9,518;144,0;611,0;554,0;22,0;2,0;1,0;5,0;1,0;16,0;8,0;1,0;1,0
20216;9,519;143,0;611,0;554,0;22,0;2,0;1,0;5,0;1,0;16,0;8,0;1,0;1,0
20219;9,522;141,0;611,0;554,0;22,0;2,0;1,0;5,0;1,0;16,0;8,0;1,0;1,0
20222;9,524;140,0;611,0;554,0;22,0;2,0;1,0;5,0;1,0;16,0;8,0;1,0;1,0
20224;9,525;138,0;611,0;554,0;22,0;2,0;1,0;5,0;1,0;16,0;8,0;1,0;1,0
20241;9,537;137,0;611,0;554,0;22,0;2,0;1,0;5,0;1,0;16,0;8,0;1,0;1,0
20243;9,54;135,0;611,0;554,0;22,0;2,0;1,0;5,0;1,0;16,0;8,0;1,0;1,0
20246;9,542;134,0;611,0;554,0;22,0;2,0;1,0;5,0;1,0;16,0;8,0;1,0;1,0
20251;9,544;133,0;611,0;554,0;22,0;2,0;1,0;5,0;1,0;16,0;8,0;1,0;1,0
20253;9,547;131,0;611,0;554,0;22,0;2,0;1,0;5,0;1,0;16,0;8,0;1,0;1,0
20254;9,548;130,0;611,0;554,0;22,0;2,0;1,0;5,0;1,0;16,0;8,0;1,0;1,0
20256;9,552;128,0;611,0;554,0;22,0;2,0;1,0;5,0;1,0;16,0;8,0;1,0;1,0
20260;9,553;127,0;611,0;554,0;22,0;2,0;1,0;5,0;1,0;16,0;8,0;1,0;1,0
20265;9,559;126,0;611,0;554,0;22,0;2,0;1,0;5,0;1,0;16,0;8,0;1,0;1,0
20267;9,562;125,0;611,0;554,0;22,0;2,0;1,0;5,0;1,0;16,0;8,0;1,0;1,0
20270;9,564;123,0;611,0;554,0;22,0;2,0;1,0;5,0;1,0;16,0;8,0;1,0;1,0
20275;9,566;122,0;611,0;554,0;22,0;2,0;1,0;5,0;1,0;16,0;8,0;1,0;1,0
20281;9,568;121,0;611,0;554,0;22,0;2,0;1,0;5,0;1,0;16,0;8,0;1,0;1,0
20286;9,571;120,0;611,0;554,0;22,0;2,0;1,0;5,0;1,0;16,0;8,0;1,0;1,0
20290;9,574;118,0;611,0;554,0;22,0;2,0;1,0;5,0;1,0;16,0;8,0;1,0;1,0
20302;9,579;117,0;611,0;554,0;22,0;2,0;1,0;5,0;1,0;16,0;8,0;1,0;1,0
20303;9,582;116,0;611,0;554,0;22,0;2,0;1,0;5,0;1,0;16,0;8,0;1,0;1,0
20304;9,583;115,0;611,0;554,0;22,0;2,0;1,0;5,0;1,0;16,0;8,0;1,0;1,0
20308;9,585;113,0;611,0;554,0;22,0;2,0;1,0;5,0;1,0;16,0;8,0;1,0;1,0
20309;9,587;108,0;611,0;554,0;22,0;2,0;1,0;5,0;1,0;16,0;8,0;1,0;1,0
20314;9,591;107,0;611,0;554,0;22,0;2,0;1,0;5,0;1,0;16,0;8,0;1,0;1,0
20315;9,594;106,0;611,0;554,0;22,0;2,0;1,0;5,0;1,0;16,0;8,0;1,0;1,0
20335;9,604;104,0;611,0;554,0;22,0;2,0;1,0;5,0;1,0;16,0;8,0;1,0;1,0
20359;9,612;102,0;611,0;554,0;22,0;2,0;1,0;5,0;1,0;16,0;8,0;1,0;1,0
20360;9,613;98,0;611,0;554,0;22,0;2,0;1,0;5,0;1,0;16,0;8,0;1,0;1,0
20369;9,618;97,0;611,0;554,0;22,0;2,0;1,0;5,0;1,0;16,0;8,0;1,0;1,0
20371;9,619;95,0;611,0;554,0;22,0;2,0;1,0;5,0;1,0;16,0;8,0;1,0;1,0
20372;9,621;94,0;611,0;554,0;22,0;2,0;1,0;5,0;1,0;16,0;8,0;1,0;1,0
20375;9,623;93,0;611,0;554,0;22,0;2,0;1,0;5,0;1,0;16,0;8,0;1,0;1,0
20381;9,626;92,0;611,0;554,0;22,0;2,0;1,0;5,0;1,0;16,0;8,0;1,0;1,0
20385;9,629;90,0;611,0;554,0;22,0;2,0;1,0;5,0;1,0;16,0;8,0;1,0;1,0
20390;9,631;88,0;611,0;554,0;22,0;2,0;1,0;5,0;1,0;16,0;8,0;1,0;1,0
20392;9,634;86,0;611,0;554,0;22,0;2,0;1,0;5,0;1,0;16,0;8,0;1,0;1,0
20393;9,636;85,0;611,0;554,0;22,0;2,0;1,0;5,0;1,0;16,0;8,0;1,0;1,0
20394;9,639;83,0;611,0;554,0;22,0;2,0;1,0;5,0;1,0;16,0;8,0;1,0;1,0
20435;9,66;82,0;611,0;554,0;22,0;2,0;1,0;5,0;1,0;16,0;8,0;1,0;1,0
20488;9,681;81,0;611,0;554,0;22,0;2,0;1,0;5,0;1,0;16,0;8,0;1,0;1,0
20490;9,682;79,0;611,0;554,0;22,0;2,0;1,0;5,0;1,0;16,0;8,0;1,0;1,0
20491;9,685;78,0;611,0;554,0;22,0;2,0;1,0;5,0;1,0;16,0;8,0;1,0;1,0
20516;9,697;76,0;611,0;554,0;22,0;2,0;1,0;5,0;1,0;16,0;8,0;1,0;1,0
20526;9,703;75,0;611,0;554,0;22,0;2,0;1,0;5,0;1,0;16,0;8,0;1,0;1,0
20560;9,72;73,0;611,0;554,0;22,0;2,0;1,0;5,0;1,0;16,0;8,0;1,0;1,0
20562;9,722;72,0;611,0;554,0;22,0;2,0;1,0;5,0;1,0;16,0;8,0;1,0;1,0
20568;9,726;71,0;611,0;554,0;22,0;2,0;1,0;5,0;1,0;16,0;8,0;1,0;1,0
20594;9,74;70,0;611,0;554,0;22,0;2,0;1,0;5,0;1,0;16,0;8,0;1,0;1,0
20607;9,746;69,0;611,0;554,0;22,0;2,0;1,0;5,0;1,0;16,0;8,0;1,0;1,0
20617;9,75;68,0;611,0;554,0;22,0;2,0;1,0;5,0;1,0;16,0;8,0;1,0;1,0
20631;9,76;66,0;611,0;554,0;22,0;2,0;1,0;5,0;1,0;16,0;8,0;1,0;1,0
20645;9,765;65,0;611,0;554,0;22,0;2,0;1,0;5,0;1,0;16,0;8,0;1,0;1,0
20691;9,788;64,0;611,0;554,0;22,0;2,0;1,0;5,0;1,0;16,0;8,0;1,0;1,0
20846;9,858;62,0;611,0;554,0;22,0;2,0;1,0;5,0;1,0;16,0;8,0;1,0;1,0
20900;9,882;61,0;611,0;554,0;22,0;2,0;1,0;5,0;1,0;16,0;8,0;1,0;1,0
20910;9,888;58,0;611,0;554,0;22,0;2,0;1,0;5,0;1,0;16,0;8,0;1,0;1,0
20958;9,911;57,0;611,0;554,0;22,0;2,0;1,0;5,0;1,0;16,0;8,0;1,0;1,0
21000;9,929;57,0;611,0;554,0;22,0;2,0;1,0;5,0;1,0;16,0;8,0;1,0;1,0
21008;9,933;56,0;611,0;554,0;22,0;2,0;1,0;5,0;1,0;16,0;8,0;1,0;1,0
21019;9,939;55,0;611,0;554,0;22,0;2,0;1,0;5,0;1,0;16,0;8,0;1,0;1,0
21026;9,945;53,0;611,0;554,0;22,0;2,0;1,0;5,0;1,0;16,0;8,0;1,0;1,0
21079;9,969;52,0;611,0;554,0;22,0;2,0;1,0;5,0;1,0;16,0;8,0;1,0;1,0
21085;9,973;51,0;611,0;554,0;22,0;2,0;1,0;5,0;1,0;16,0;8,0;1,0;1,0
21095;9,98;50,0;611,0;554,0;22,0;2,0;1,0;5,0;1,0;16,0;8,0;1,0;1,0
21101;9,984;48,0;611,0;554,0;22,0;2,0;1,0;5,0;1,0;16,0;8,0;1,0;1,0
21445;10,121;47,0;611,0;554,0;21,0;2,0;1,0;5,0;1,0;16,0;8,0;1,0;1,0
21456;10,127;46,0;611,0;554,0;21,0;2,0;1,0;5,0;1,0;16,0;8,0;1,0;1,0
21555;10,169;45,0;611,0;554,0;21,0;2,0;1,0;5,0;1,0;16,0;8,0;1,0;1,0
21563;10,174;44,0;611,0;554,0;21,0;2,0;1,0;5,0;1,0;16,0;8,0;1,0;1,0
21578;10,181;43,0;611,0;554,0;21,0;2,0;1,0;5,0;1,0;16,0;8,0;1,0;1,0
21610;10,194;42,0;611,0;554,0;21,0;2,0;1,0;5,0;1,0;16,0;8,0;1,0;1,0
21669;10,219;41,0;611,0;554,0;21,0;2,0;1,0;5,0;1,0;16,0;8,0;1,0;1,0
21681;10,225;40,0;611,0;554,0;21,0;2,0;1,0;5,0;1,0;16,0;8,0;1,0;1,0
21869;10,293;39,0;611,0;554,0;21,0;2,0;1,0;5,0;1,0;16,0;8,0;1,0;1,0
22000;10,348;39,0;611,0;554,0;21,0;2,0;1,0;5,0;1,0;16,0;8,0;1,0;1,0
22677;11,942;25,0;686,0;640,0;20,0;2,0;1,0;5,0;1,0;16,0;8,0;1,0;1,0
23000;12,43;25,0;696,0;662,0;20,0;2,0;1,0;5,0;1,0;16,0;8,0;1,0;1,0
23056;12,457;24,0;696,0;662,0;20,0;2,0;1,0;5,0;1,0;16,0;8,0;1,0;1,0
24000;12,892;24,0;696,0;662,0;18,0;2,0;1,0;5,0;1,0;17,0;8,0;1,0;1,0
25000;14,983;24,0;739,0;750,0;18,0;2,0;1,0;5,0;1,0;17,0;8,0;1,0;1,0
26000;15,353;24,0;739,0;750,0;18,0;2,0;1,0;5,0;1,0;17,0;9,0;1,0;1,0
27000;15,68;24,0;739,0;750,0;18,0;2,0;1,0;5,0;1,0;17,0;9,0;1,0;1,0
28000;17,223;24,0;793,0;846,0;18,0;2,0;1,0;5,0;1,0;17,0;9,0;1,0;1,0
29000;17,883;24,0;812,0;864,0;18,0;2,0;1,0;5,0;1,0;17,0;9,0;1,0;1,0
30000;18,672;24,0;818,0;870,0;18,0;2,0;1,0;5,0;1,0;18,0;9,0;1,0;1,0
31000;19,219;24,0;818,0;870,0;18,0;2,0;1,0;5,0;1,0;19,0;9,0;1,0;1,0
32000;19,768;24,0;818,0;870,0;17,0;2,0;1,0;5,0;1,0;19,0;9,0;1,0;1,0
32512;20,044;24,0;818,0;870,0;18,0;2,0;1,0;5,0;1,0;19,0;9,0;1,0;1,0
