Iteration;Time;BestFitness;PrevFitness;FirstFitness;SecondFitness;1stHeur;2ndHeur;1st-LOC;2nd-LOC;NewBestCntAll;NewBestCntValid;SpentIter;ValidSpentIter;SpentTime;After-LLH0;After-LLH1;After-LLH2;After-LLH3;After-LLH4;After-LLH5;After-LLH6;After-LLH7;After-LLH8;After-LLH9;After-LLH10;RelayProb-LLH0;RelayProb-LLH1;RelayProb-LLH2;RelayProb-LLH3;RelayProb-LLH4;RelayProb-LLH5;RelayProb-LLH6;RelayProb-LLH7;RelayProb-LLH8;RelayProb-LLH9;RelayProb-LLH10;
1;0,016;-1;-1;-1;-1;-1;-1;-1;-1;0;0;0;0;0,0;;;;;;;;;;;;0,09090909090909091;0,09090909090909091;0,09090909090909091;0,09090909090909091;0,09090909090909091;0,09090909090909091;0,09090909090909091;0,09090909090909091;0,09090909090909091;0,09090909090909091;0,09090909090909091
2;0,022;-1;-1;-1;-1;-1;-1;-1;-1;0;0;0;0;0,0;;;;;;;;;;;;0,09090909090909091;0,09090909090909091;0,09090909090909091;0,09090909090909091;0,09090909090909091;0,09090909090909091;0,09090909090909091;0,09090909090909091;0,09090909090909091;0,09090909090909091;0,09090909090909091
4;0,029;-1;-1;-1;-1;-1;-1;-1;-1;0;0;0;0;0,0;;;;;;;;;;;;0,09090909090909091;0,09090909090909091;0,09090909090909091;0,09090909090909091;0,09090909090909091;0,09090909090909091;0,09090909090909091;0,09090909090909091;0,09090909090909091;0,09090909090909091;0,09090909090909091
5;0,07;-1;-1;-1;-1;-1;-1;-1;-1;0;0;0;0;0,0;;;;;;;;;;;;0,09090909090909091;0,09090909090909091;0,09090909090909091;0,09090909090909091;0,09090909090909091;0,09090909090909091;0,09090909090909091;0,09090909090909091;0,09090909090909091;0,09090909090909091;0,09090909090909091
7;0,074;-1;-1;-1;-1;-1;-1;-1;-1;0;0;0;0;0,0;;;;;;;;;;;;0,09090909090909091;0,09090909090909091;0,09090909090909091;0,09090909090909091;0,09090909090909091;0,09090909090909091;0,09090909090909091;0,09090909090909091;0,09090909090909091;0,09090909090909091;0,09090909090909091
8;0,081;-1;-1;-1;-1;-1;-1;-1;-1;0;0;0;0;0,0;;;;;;;;;;;;0,09090909090909091;0,09090909090909091;0,09090909090909091;0,09090909090909091;0,09090909090909091;0,09090909090909091;0,09090909090909091;0,09090909090909091;0,09090909090909091;0,09090909090909091;0,09090909090909091
9;0,085;-1;-1;-1;-1;-1;-1;-1;-1;0;0;0;0;0,0;;;;;;;;;;;;0,09090909090909091;0,09090909090909091;0,09090909090909091;0,09090909090909091;0,09090909090909091;0,09090909090909091;0,09090909090909091;0,09090909090909091;0,09090909090909091;0,09090909090909091;0,09090909090909091
10;0,088;-1;-1;-1;-1;-1;-1;-1;-1;0;0;0;0;0,0;;;;;;;;;;;;0,09090909090909091;0,09090909090909091;0,09090909090909091;0,09090909090909091;0,09090909090909091;0,09090909090909091;0,09090909090909091;0,09090909090909091;0,09090909090909091;0,09090909090909091;0,09090909090909091
12;0,104;-1;-1;-1;-1;-1;-1;-1;-1;0;0;0;0;0,0;;;;;;;;;;;;0,09090909090909091;0,09090909090909091;0,09090909090909091;0,09090909090909091;0,09090909090909091;0,09090909090909091;0,09090909090909091;0,09090909090909091;0,09090909090909091;0,09090909090909091;0,09090909090909091
14;0,108;-1;-1;-1;-1;-1;-1;-1;-1;0;0;0;0;0,0;;;;;;;;;;;;0,09090909090909091;0,09090909090909091;0,09090909090909091;0,09090909090909091;0,09090909090909091;0,09090909090909091;0,09090909090909091;0,09090909090909091;0,09090909090909091;0,09090909090909091;0,09090909090909091
18;0,117;-1;-1;-1;-1;-1;-1;-1;-1;0;0;0;0;0,0;;;;;;;;;;;;0,09090909090909091;0,09090909090909091;0,09090909090909091;0,09090909090909091;0,09090909090909091;0,09090909090909091;0,09090909090909091;0,09090909090909091;0,09090909090909091;0,09090909090909091;0,09090909090909091
19;0,119;-1;-1;-1;-1;-1;-1;-1;-1;0;0;0;0;0,0;;;;;;;;;;;;0,09090909090909091;0,09090909090909091;0,09090909090909091;0,09090909090909091;0,09090909090909091;0,09090909090909091;0,09090909090909091;0,09090909090909091;0,09090909090909091;0,09090909090909091;0,09090909090909091
21;0,122;-1;-1;-1;-1;-1;-1;-1;-1;0;0;0;0;0,0;;;;;;;;;;;;0,09090909090909091;0,09090909090909091;0,09090909090909091;0,09090909090909091;0,09090909090909091;0,09090909090909091;0,09090909090909091;0,09090909090909091;0,09090909090909091;0,09090909090909091;0,09090909090909091
22;0,151;-1;-1;-1;-1;-1;-1;-1;-1;0;0;0;0;0,0;;;;;;;;;;;;0,09090909090909091;0,09090909090909091;0,09090909090909091;0,09090909090909091;0,09090909090909091;0,09090909090909091;0,09090909090909091;0,09090909090909091;0,09090909090909091;0,09090909090909091;0,09090909090909091
28;0,154;-1;-1;-1;-1;-1;-1;-1;-1;0;0;0;0;0,0;;;;;;;;;;;;0,09090909090909091;0,09090909090909091;0,09090909090909091;0,09090909090909091;0,09090909090909091;0,09090909090909091;0,09090909090909091;0,09090909090909091;0,09090909090909091;0,09090909090909091;0,09090909090909091
29;0,157;-1;-1;-1;-1;-1;-1;-1;-1;0;0;0;0;0,0;;;;;;;;;;;;0,09090909090909091;0,09090909090909091;0,09090909090909091;0,09090909090909091;0,09090909090909091;0,09090909090909091;0,09090909090909091;0,09090909090909091;0,09090909090909091;0,09090909090909091;0,09090909090909091
30;0,159;-1;-1;-1;-1;-1;-1;-1;-1;0;0;0;0;0,0;;;;;;;;;;;;0,09090909090909091;0,09090909090909091;0,09090909090909091;0,09090909090909091;0,09090909090909091;0,09090909090909091;0,09090909090909091;0,09090909090909091;0,09090909090909091;0,09090909090909091;0,09090909090909091
31;0,164;-1;-1;-1;-1;-1;-1;-1;-1;0;0;0;0;0,0;;;;;;;;;;;;0,09090909090909091;0,09090909090909091;0,09090909090909091;0,09090909090909091;0,09090909090909091;0,09090909090909091;0,09090909090909091;0,09090909090909091;0,09090909090909091;0,09090909090909091;0,09090909090909091
32;0,17;-1;-1;-1;-1;-1;-1;-1;-1;0;0;0;0;0,0;;;;;;;;;;;;0,09090909090909091;0,09090909090909091;0,09090909090909091;0,09090909090909091;0,09090909090909091;0,09090909090909091;0,09090909090909091;0,09090909090909091;0,09090909090909091;0,09090909090909091;0,09090909090909091
33;0,174;-1;-1;-1;-1;-1;-1;-1;-1;0;0;0;0;0,0;;;;;;;;;;;;0,09090909090909091;0,09090909090909091;0,09090909090909091;0,09090909090909091;0,09090909090909091;0,09090909090909091;0,09090909090909091;0,09090909090909091;0,09090909090909091;0,09090909090909091;0,09090909090909091
38;0,178;-1;-1;-1;-1;-1;-1;-1;-1;0;0;0;0;0,0;;;;;;;;;;;;0,09090909090909091;0,09090909090909091;0,09090909090909091;0,09090909090909091;0,09090909090909091;0,09090909090909091;0,09090909090909091;0,09090909090909091;0,09090909090909091;0,09090909090909091;0,09090909090909091
39;0,179;-1;-1;-1;-1;-1;-1;-1;-1;0;0;0;0;0,0;;;;;;;;;;;;0,09090909090909091;0,09090909090909091;0,09090909090909091;0,09090909090909091;0,09090909090909091;0,09090909090909091;0,09090909090909091;0,09090909090909091;0,09090909090909091;0,09090909090909091;0,09090909090909091
41;0,182;-1;-1;-1;-1;-1;-1;-1;-1;0;0;0;0;0,0;;;;;;;;;;;;0,09090909090909091;0,09090909090909091;0,09090909090909091;0,09090909090909091;0,09090909090909091;0,09090909090909091;0,09090909090909091;0,09090909090909091;0,09090909090909091;0,09090909090909091;0,09090909090909091
42;0,184;-1;-1;-1;-1;-1;-1;-1;-1;0;0;0;0;0,0;;;;;;;;;;;;0,09090909090909091;0,09090909090909091;0,09090909090909091;0,09090909090909091;0,09090909090909091;0,09090909090909091;0,09090909090909091;0,09090909090909091;0,09090909090909091;0,09090909090909091;0,09090909090909091
45;0,187;-1;-1;-1;-1;-1;-1;-1;-1;0;0;0;0;0,0;;;;;;;;;;;;0,09090909090909091;0,09090909090909091;0,09090909090909091;0,09090909090909091;0,09090909090909091;0,09090909090909091;0,09090909090909091;0,09090909090909091;0,09090909090909091;0,09090909090909091;0,09090909090909091
47;0,189;-1;-1;-1;-1;-1;-1;-1;-1;0;0;0;0;0,0;;;;;;;;;;;;0,09090909090909091;0,09090909090909091;0,09090909090909091;0,09090909090909091;0,09090909090909091;0,09090909090909091;0,09090909090909091;0,09090909090909091;0,09090909090909091;0,09090909090909091;0,09090909090909091
48;0,191;-1;-1;-1;-1;-1;-1;-1;-1;0;0;0;0;0,0;;;;;;;;;;;;0,09090909090909091;0,09090909090909091;0,09090909090909091;0,09090909090909091;0,09090909090909091;0,09090909090909091;0,09090909090909091;0,09090909090909091;0,09090909090909091;0,09090909090909091;0,09090909090909091
49;0,193;-1;-1;-1;-1;-1;-1;-1;-1;0;0;0;0;0,0;;;;;;;;;;;;0,09090909090909091;0,09090909090909091;0,09090909090909091;0,09090909090909091;0,09090909090909091;0,09090909090909091;0,09090909090909091;0,09090909090909091;0,09090909090909091;0,09090909090909091;0,09090909090909091
52;0,195;-1;-1;-1;-1;-1;-1;-1;-1;0;0;0;0;0,0;;;;;;;;;;;;0,09090909090909091;0,09090909090909091;0,09090909090909091;0,09090909090909091;0,09090909090909091;0,09090909090909091;0,09090909090909091;0,09090909090909091;0,09090909090909091;0,09090909090909091;0,09090909090909091
53;0,199;-1;-1;-1;-1;-1;-1;-1;-1;0;0;0;0;0,0;;;;;;;;;;;;0,09090909090909091;0,09090909090909091;0,09090909090909091;0,09090909090909091;0,09090909090909091;0,09090909090909091;0,09090909090909091;0,09090909090909091;0,09090909090909091;0,09090909090909091;0,09090909090909091
56;0,205;-1;-1;-1;-1;-1;-1;-1;-1;0;0;0;0;0,0;;;;;;;;;;;;0,09090909090909091;0,09090909090909091;0,09090909090909091;0,09090909090909091;0,09090909090909091;0,09090909090909091;0,09090909090909091;0,09090909090909091;0,09090909090909091;0,09090909090909091;0,09090909090909091
57;0,209;-1;-1;-1;-1;-1;-1;-1;-1;0;0;0;0;0,0;;;;;;;;;;;;0,09090909090909091;0,09090909090909091;0,09090909090909091;0,09090909090909091;0,09090909090909091;0,09090909090909091;0,09090909090909091;0,09090909090909091;0,09090909090909091;0,09090909090909091;0,09090909090909091
58;0,211;-1;-1;-1;-1;-1;-1;-1;-1;0;0;0;0;0,0;;;;;;;;;;;;0,09090909090909091;0,09090909090909091;0,09090909090909091;0,09090909090909091;0,09090909090909091;0,09090909090909091;0,09090909090909091;0,09090909090909091;0,09090909090909091;0,09090909090909091;0,09090909090909091
60;0,213;-1;-1;-1;-1;-1;-1;-1;-1;0;0;0;0;0,0;;;;;;;;;;;;0,09090909090909091;0,09090909090909091;0,09090909090909091;0,09090909090909091;0,09090909090909091;0,09090909090909091;0,09090909090909091;0,09090909090909091;0,09090909090909091;0,09090909090909091;0,09090909090909091
65;0,216;-1;-1;-1;-1;-1;-1;-1;-1;0;0;0;0;0,0;;;;;;;;;;;;0,09090909090909091;0,09090909090909091;0,09090909090909091;0,09090909090909091;0,09090909090909091;0,09090909090909091;0,09090909090909091;0,09090909090909091;0,09090909090909091;0,09090909090909091;0,09090909090909091
66;0,217;-1;-1;-1;-1;-1;-1;-1;-1;0;0;0;0;0,0;;;;;;;;;;;;0,09090909090909091;0,09090909090909091;0,09090909090909091;0,09090909090909091;0,09090909090909091;0,09090909090909091;0,09090909090909091;0,09090909090909091;0,09090909090909091;0,09090909090909091;0,09090909090909091
67;0,219;-1;-1;-1;-1;-1;-1;-1;-1;0;0;0;0;0,0;;;;;;;;;;;;0,09090909090909091;0,09090909090909091;0,09090909090909091;0,09090909090909091;0,09090909090909091;0,09090909090909091;0,09090909090909091;0,09090909090909091;0,09090909090909091;0,09090909090909091;0,09090909090909091
70;0,222;-1;-1;-1;-1;-1;-1;-1;-1;0;0;0;0;0,0;;;;;;;;;;;;0,09090909090909091;0,09090909090909091;0,09090909090909091;0,09090909090909091;0,09090909090909091;0,09090909090909091;0,09090909090909091;0,09090909090909091;0,09090909090909091;0,09090909090909091;0,09090909090909091
76;0,226;-1;-1;-1;-1;-1;-1;-1;-1;0;0;0;0;0,0;;;;;;;;;;;;0,09090909090909091;0,09090909090909091;0,09090909090909091;0,09090909090909091;0,09090909090909091;0,09090909090909091;0,09090909090909091;0,09090909090909091;0,09090909090909091;0,09090909090909091;0,09090909090909091
80;0,228;-1;-1;-1;-1;-1;-1;-1;-1;0;0;0;0;0,0;;;;;;;;;;;;0,09090909090909091;0,09090909090909091;0,09090909090909091;0,09090909090909091;0,09090909090909091;0,09090909090909091;0,09090909090909091;0,09090909090909091;0,09090909090909091;0,09090909090909091;0,09090909090909091
81;0,23;-1;-1;-1;-1;-1;-1;-1;-1;0;0;0;0;0,0;;;;;;;;;;;;0,09090909090909091;0,09090909090909091;0,09090909090909091;0,09090909090909091;0,09090909090909091;0,09090909090909091;0,09090909090909091;0,09090909090909091;0,09090909090909091;0,09090909090909091;0,09090909090909091
83;0,232;-1;-1;-1;-1;-1;-1;-1;-1;0;0;0;0;0,0;;;;;;;;;;;;0,09090909090909091;0,09090909090909091;0,09090909090909091;0,09090909090909091;0,09090909090909091;0,09090909090909091;0,09090909090909091;0,09090909090909091;0,09090909090909091;0,09090909090909091;0,09090909090909091
84;0,234;-1;-1;-1;-1;-1;-1;-1;-1;0;0;0;0;0,0;;;;;;;;;;;;0,09090909090909091;0,09090909090909091;0,09090909090909091;0,09090909090909091;0,09090909090909091;0,09090909090909091;0,09090909090909091;0,09090909090909091;0,09090909090909091;0,09090909090909091;0,09090909090909091
86;0,236;-1;-1;-1;-1;-1;-1;-1;-1;0;0;0;0;0,0;;;;;;;;;;;;0,09090909090909091;0,09090909090909091;0,09090909090909091;0,09090909090909091;0,09090909090909091;0,09090909090909091;0,09090909090909091;0,09090909090909091;0,09090909090909091;0,09090909090909091;0,09090909090909091
90;0,239;-1;-1;-1;-1;-1;-1;-1;-1;0;0;0;0;0,0;;;;;;;;;;;;0,09090909090909091;0,09090909090909091;0,09090909090909091;0,09090909090909091;0,09090909090909091;0,09090909090909091;0,09090909090909091;0,09090909090909091;0,09090909090909091;0,09090909090909091;0,09090909090909091
91;0,24;-1;-1;-1;-1;-1;-1;-1;-1;0;0;0;0;0,0;;;;;;;;;;;;0,09090909090909091;0,09090909090909091;0,09090909090909091;0,09090909090909091;0,09090909090909091;0,09090909090909091;0,09090909090909091;0,09090909090909091;0,09090909090909091;0,09090909090909091;0,09090909090909091
92;0,247;-1;-1;-1;-1;-1;-1;-1;-1;0;0;0;0;0,0;;;;;;;;;;;;0,09090909090909091;0,09090909090909091;0,09090909090909091;0,09090909090909091;0,09090909090909091;0,09090909090909091;0,09090909090909091;0,09090909090909091;0,09090909090909091;0,09090909090909091;0,09090909090909091
94;0,253;-1;-1;-1;-1;-1;-1;-1;-1;0;0;0;0;0,0;;;;;;;;;;;;0,09090909090909091;0,09090909090909091;0,09090909090909091;0,09090909090909091;0,09090909090909091;0,09090909090909091;0,09090909090909091;0,09090909090909091;0,09090909090909091;0,09090909090909091;0,09090909090909091
96;0,259;-1;-1;-1;-1;-1;-1;-1;-1;0;0;0;0;0,0;;;;;;;;;;;;0,09090909090909091;0,09090909090909091;0,09090909090909091;0,09090909090909091;0,09090909090909091;0,09090909090909091;0,09090909090909091;0,09090909090909091;0,09090909090909091;0,09090909090909091;0,09090909090909091
97;0,262;-1;-1;-1;-1;-1;-1;-1;-1;0;0;0;0;0,0;;;;;;;;;;;;0,09090909090909091;0,09090909090909091;0,09090909090909091;0,09090909090909091;0,09090909090909091;0,09090909090909091;0,09090909090909091;0,09090909090909091;0,09090909090909091;0,09090909090909091;0,09090909090909091
99;0,264;-1;-1;-1;-1;-1;-1;-1;-1;0;0;0;0;0,0;;;;;;;;;;;;0,09090909090909091;0,09090909090909091;0,09090909090909091;0,09090909090909091;0,09090909090909091;0,09090909090909091;0,09090909090909091;0,09090909090909091;0,09090909090909091;0,09090909090909091;0,09090909090909091
100;0,266;-1;-1;-1;-1;-1;-1;-1;-1;0;0;0;0;0,0;;;;;;;;;;;;0,09090909090909091;0,09090909090909091;0,09090909090909091;0,09090909090909091;0,09090909090909091;0,09090909090909091;0,09090909090909091;0,09090909090909091;0,09090909090909091;0,09090909090909091;0,09090909090909091
103;0,268;-1;-1;-1;-1;-1;-1;-1;-1;0;0;0;0;0,0;;;;;;;;;;;;0,09090909090909091;0,09090909090909091;0,09090909090909091;0,09090909090909091;0,09090909090909091;0,09090909090909091;0,09090909090909091;0,09090909090909091;0,09090909090909091;0,09090909090909091;0,09090909090909091
104;0,27;-1;-1;-1;-1;-1;-1;-1;-1;0;0;0;0;0,0;;;;;;;;;;;;0,09090909090909091;0,09090909090909091;0,09090909090909091;0,09090909090909091;0,09090909090909091;0,09090909090909091;0,09090909090909091;0,09090909090909091;0,09090909090909091;0,09090909090909091;0,09090909090909091
107;0,272;-1;-1;-1;-1;-1;-1;-1;-1;0;0;0;0;0,0;;;;;;;;;;;;0,09090909090909091;0,09090909090909091;0,09090909090909091;0,09090909090909091;0,09090909090909091;0,09090909090909091;0,09090909090909091;0,09090909090909091;0,09090909090909091;0,09090909090909091;0,09090909090909091
108;0,274;-1;-1;-1;-1;-1;-1;-1;-1;0;0;0;0;0,0;;;;;;;;;;;;0,09090909090909091;0,09090909090909091;0,09090909090909091;0,09090909090909091;0,09090909090909091;0,09090909090909091;0,09090909090909091;0,09090909090909091;0,09090909090909091;0,09090909090909091;0,09090909090909091
109;0,277;-1;-1;-1;-1;-1;-1;-1;-1;0;0;0;0;0,0;;;;;;;;;;;;0,09090909090909091;0,09090909090909091;0,09090909090909091;0,09090909090909091;0,09090909090909091;0,09090909090909091;0,09090909090909091;0,09090909090909091;0,09090909090909091;0,09090909090909091;0,09090909090909091
112;0,278;-1;-1;-1;-1;-1;-1;-1;-1;0;0;0;0;0,0;;;;;;;;;;;;0,09090909090909091;0,09090909090909091;0,09090909090909091;0,09090909090909091;0,09090909090909091;0,09090909090909091;0,09090909090909091;0,09090909090909091;0,09090909090909091;0,09090909090909091;0,09090909090909091
119;0,282;-1;-1;-1;-1;-1;-1;-1;-1;0;0;0;0;0,0;;;;;;;;;;;;0,09090909090909091;0,09090909090909091;0,09090909090909091;0,09090909090909091;0,09090909090909091;0,09090909090909091;0,09090909090909091;0,09090909090909091;0,09090909090909091;0,09090909090909091;0,09090909090909091
124;0,284;-1;-1;-1;-1;-1;-1;-1;-1;0;0;0;0;0,0;;;;;;;;;;;;0,09090909090909091;0,09090909090909091;0,09090909090909091;0,09090909090909091;0,09090909090909091;0,09090909090909091;0,09090909090909091;0,09090909090909091;0,09090909090909091;0,09090909090909091;0,09090909090909091
126;0,286;-1;-1;-1;-1;-1;-1;-1;-1;0;0;0;0;0,0;;;;;;;;;;;;0,09090909090909091;0,09090909090909091;0,09090909090909091;0,09090909090909091;0,09090909090909091;0,09090909090909091;0,09090909090909091;0,09090909090909091;0,09090909090909091;0,09090909090909091;0,09090909090909091
130;0,289;-1;-1;-1;-1;-1;-1;-1;-1;0;0;0;0;0,0;;;;;;;;;;;;0,09090909090909091;0,09090909090909091;0,09090909090909091;0,09090909090909091;0,09090909090909091;0,09090909090909091;0,09090909090909091;0,09090909090909091;0,09090909090909091;0,09090909090909091;0,09090909090909091
131;0,291;-1;-1;-1;-1;-1;-1;-1;-1;0;0;0;0;0,0;;;;;;;;;;;;0,09090909090909091;0,09090909090909091;0,09090909090909091;0,09090909090909091;0,09090909090909091;0,09090909090909091;0,09090909090909091;0,09090909090909091;0,09090909090909091;0,09090909090909091;0,09090909090909091
133;0,293;-1;-1;-1;-1;-1;-1;-1;-1;0;0;0;0;0,0;;;;;;;;;;;;0,09090909090909091;0,09090909090909091;0,09090909090909091;0,09090909090909091;0,09090909090909091;0,09090909090909091;0,09090909090909091;0,09090909090909091;0,09090909090909091;0,09090909090909091;0,09090909090909091
137;0,296;-1;-1;-1;-1;-1;-1;-1;-1;0;0;0;0;0,0;;;;;;;;;;;;0,09090909090909091;0,09090909090909091;0,09090909090909091;0,09090909090909091;0,09090909090909091;0,09090909090909091;0,09090909090909091;0,09090909090909091;0,09090909090909091;0,09090909090909091;0,09090909090909091
138;0,298;-1;-1;-1;-1;-1;-1;-1;-1;0;0;0;0;0,0;;;;;;;;;;;;0,09090909090909091;0,09090909090909091;0,09090909090909091;0,09090909090909091;0,09090909090909091;0,09090909090909091;0,09090909090909091;0,09090909090909091;0,09090909090909091;0,09090909090909091;0,09090909090909091
139;0,299;-1;-1;-1;-1;-1;-1;-1;-1;0;0;0;0;0,0;;;;;;;;;;;;0,09090909090909091;0,09090909090909091;0,09090909090909091;0,09090909090909091;0,09090909090909091;0,09090909090909091;0,09090909090909091;0,09090909090909091;0,09090909090909091;0,09090909090909091;0,09090909090909091
142;0,301;-1;-1;-1;-1;-1;-1;-1;-1;0;0;0;0;0,0;;;;;;;;;;;;0,09090909090909091;0,09090909090909091;0,09090909090909091;0,09090909090909091;0,09090909090909091;0,09090909090909091;0,09090909090909091;0,09090909090909091;0,09090909090909091;0,09090909090909091;0,09090909090909091
143;0,303;-1;-1;-1;-1;-1;-1;-1;-1;0;0;0;0;0,0;;;;;;;;;;;;0,09090909090909091;0,09090909090909091;0,09090909090909091;0,09090909090909091;0,09090909090909091;0,09090909090909091;0,09090909090909091;0,09090909090909091;0,09090909090909091;0,09090909090909091;0,09090909090909091
146;0,308;-1;-1;-1;-1;-1;-1;-1;-1;0;0;0;0;0,0;;;;;;;;;;;;0,09090909090909091;0,09090909090909091;0,09090909090909091;0,09090909090909091;0,09090909090909091;0,09090909090909091;0,09090909090909091;0,09090909090909091;0,09090909090909091;0,09090909090909091;0,09090909090909091
157;0,317;-1;-1;-1;-1;-1;-1;-1;-1;0;0;0;0;0,0;;;;;;;;;;;;0,09090909090909091;0,09090909090909091;0,09090909090909091;0,09090909090909091;0,09090909090909091;0,09090909090909091;0,09090909090909091;0,09090909090909091;0,09090909090909091;0,09090909090909091;0,09090909090909091
160;0,322;-1;-1;-1;-1;-1;-1;-1;-1;0;0;0;0;0,0;;;;;;;;;;;;0,09090909090909091;0,09090909090909091;0,09090909090909091;0,09090909090909091;0,09090909090909091;0,09090909090909091;0,09090909090909091;0,09090909090909091;0,09090909090909091;0,09090909090909091;0,09090909090909091
173;0,331;-1;-1;-1;-1;-1;-1;-1;-1;0;0;0;0;0,0;;;;;;;;;;;;0,09090909090909091;0,09090909090909091;0,09090909090909091;0,09090909090909091;0,09090909090909091;0,09090909090909091;0,09090909090909091;0,09090909090909091;0,09090909090909091;0,09090909090909091;0,09090909090909091
176;0,335;-1;-1;-1;-1;-1;-1;-1;-1;0;0;0;0;0,0;;;;;;;;;;;;0,09090909090909091;0,09090909090909091;0,09090909090909091;0,09090909090909091;0,09090909090909091;0,09090909090909091;0,09090909090909091;0,09090909090909091;0,09090909090909091;0,09090909090909091;0,09090909090909091
181;0,338;-1;-1;-1;-1;-1;-1;-1;-1;0;0;0;0;0,0;;;;;;;;;;;;0,09090909090909091;0,09090909090909091;0,09090909090909091;0,09090909090909091;0,09090909090909091;0,09090909090909091;0,09090909090909091;0,09090909090909091;0,09090909090909091;0,09090909090909091;0,09090909090909091
182;0,34;-1;-1;-1;-1;-1;-1;-1;-1;0;0;0;0;0,0;;;;;;;;;;;;0,09090909090909091;0,09090909090909091;0,09090909090909091;0,09090909090909091;0,09090909090909091;0,09090909090909091;0,09090909090909091;0,09090909090909091;0,09090909090909091;0,09090909090909091;0,09090909090909091
183;0,342;-1;-1;-1;-1;-1;-1;-1;-1;0;0;0;0;0,0;;;;;;;;;;;;0,09090909090909091;0,09090909090909091;0,09090909090909091;0,09090909090909091;0,09090909090909091;0,09090909090909091;0,09090909090909091;0,09090909090909091;0,09090909090909091;0,09090909090909091;0,09090909090909091
188;0,345;-1;-1;-1;-1;-1;-1;-1;-1;0;0;0;0;0,0;;;;;;;;;;;;0,09090909090909091;0,09090909090909091;0,09090909090909091;0,09090909090909091;0,09090909090909091;0,09090909090909091;0,09090909090909091;0,09090909090909091;0,09090909090909091;0,09090909090909091;0,09090909090909091
190;0,348;-1;-1;-1;-1;-1;-1;-1;-1;0;0;0;0;0,0;;;;;;;;;;;;0,09090909090909091;0,09090909090909091;0,09090909090909091;0,09090909090909091;0,09090909090909091;0,09090909090909091;0,09090909090909091;0,09090909090909091;0,09090909090909091;0,09090909090909091;0,09090909090909091
192;0,35;-1;-1;-1;-1;-1;-1;-1;-1;0;0;0;0;0,0;;;;;;;;;;;;0,09090909090909091;0,09090909090909091;0,09090909090909091;0,09090909090909091;0,09090909090909091;0,09090909090909091;0,09090909090909091;0,09090909090909091;0,09090909090909091;0,09090909090909091;0,09090909090909091
196;0,353;-1;-1;-1;-1;-1;-1;-1;-1;0;0;0;0;0,0;;;;;;;;;;;;0,09090909090909091;0,09090909090909091;0,09090909090909091;0,09090909090909091;0,09090909090909091;0,09090909090909091;0,09090909090909091;0,09090909090909091;0,09090909090909091;0,09090909090909091;0,09090909090909091
199;0,356;-1;-1;-1;-1;-1;-1;-1;-1;0;0;0;0;0,0;;;;;;;;;;;;0,09090909090909091;0,09090909090909091;0,09090909090909091;0,09090909090909091;0,09090909090909091;0,09090909090909091;0,09090909090909091;0,09090909090909091;0,09090909090909091;0,09090909090909091;0,09090909090909091
207;0,359;-1;-1;-1;-1;-1;-1;-1;-1;0;0;0;0;0,0;;;;;;;;;;;;0,09090909090909091;0,09090909090909091;0,09090909090909091;0,09090909090909091;0,09090909090909091;0,09090909090909091;0,09090909090909091;0,09090909090909091;0,09090909090909091;0,09090909090909091;0,09090909090909091
210;0,363;-1;-1;-1;-1;-1;-1;-1;-1;0;0;0;0;0,0;;;;;;;;;;;;0,09090909090909091;0,09090909090909091;0,09090909090909091;0,09090909090909091;0,09090909090909091;0,09090909090909091;0,09090909090909091;0,09090909090909091;0,09090909090909091;0,09090909090909091;0,09090909090909091
214;0,366;-1;-1;-1;-1;-1;-1;-1;-1;0;0;0;0;0,0;;;;;;;;;;;;0,09090909090909091;0,09090909090909091;0,09090909090909091;0,09090909090909091;0,09090909090909091;0,09090909090909091;0,09090909090909091;0,09090909090909091;0,09090909090909091;0,09090909090909091;0,09090909090909091
216;0,368;-1;-1;-1;-1;-1;-1;-1;-1;0;0;0;0;0,0;;;;;;;;;;;;0,09090909090909091;0,09090909090909091;0,09090909090909091;0,09090909090909091;0,09090909090909091;0,09090909090909091;0,09090909090909091;0,09090909090909091;0,09090909090909091;0,09090909090909091;0,09090909090909091
222;0,372;-1;-1;-1;-1;-1;-1;-1;-1;0;0;0;0;0,0;;;;;;;;;;;;0,09090909090909091;0,09090909090909091;0,09090909090909091;0,09090909090909091;0,09090909090909091;0,09090909090909091;0,09090909090909091;0,09090909090909091;0,09090909090909091;0,09090909090909091;0,09090909090909091
223;0,375;-1;-1;-1;-1;-1;-1;-1;-1;0;0;0;0;0,0;;;;;;;;;;;;0,09090909090909091;0,09090909090909091;0,09090909090909091;0,09090909090909091;0,09090909090909091;0,09090909090909091;0,09090909090909091;0,09090909090909091;0,09090909090909091;0,09090909090909091;0,09090909090909091
226;0,378;-1;-1;-1;-1;-1;-1;-1;-1;0;0;0;0;0,0;;;;;;;;;;;;0,09090909090909091;0,09090909090909091;0,09090909090909091;0,09090909090909091;0,09090909090909091;0,09090909090909091;0,09090909090909091;0,09090909090909091;0,09090909090909091;0,09090909090909091;0,09090909090909091
228;0,38;-1;-1;-1;-1;-1;-1;-1;-1;0;0;0;0;0,0;;;;;;;;;;;;0,09090909090909091;0,09090909090909091;0,09090909090909091;0,09090909090909091;0,09090909090909091;0,09090909090909091;0,09090909090909091;0,09090909090909091;0,09090909090909091;0,09090909090909091;0,09090909090909091
234;0,383;-1;-1;-1;-1;-1;-1;-1;-1;0;0;0;0;0,0;;;;;;;;;;;;0,09090909090909091;0,09090909090909091;0,09090909090909091;0,09090909090909091;0,09090909090909091;0,09090909090909091;0,09090909090909091;0,09090909090909091;0,09090909090909091;0,09090909090909091;0,09090909090909091
236;0,386;-1;-1;-1;-1;-1;-1;-1;-1;0;0;0;0;0,0;;;;;;;;;;;;0,09090909090909091;0,09090909090909091;0,09090909090909091;0,09090909090909091;0,09090909090909091;0,09090909090909091;0,09090909090909091;0,09090909090909091;0,09090909090909091;0,09090909090909091;0,09090909090909091
240;0,389;-1;-1;-1;-1;-1;-1;-1;-1;0;0;0;0;0,0;;;;;;;;;;;;0,09090909090909091;0,09090909090909091;0,09090909090909091;0,09090909090909091;0,09090909090909091;0,09090909090909091;0,09090909090909091;0,09090909090909091;0,09090909090909091;0,09090909090909091;0,09090909090909091
241;0,391;-1;-1;-1;-1;-1;-1;-1;-1;0;0;0;0;0,0;;;;;;;;;;;;0,09090909090909091;0,09090909090909091;0,09090909090909091;0,09090909090909091;0,09090909090909091;0,09090909090909091;0,09090909090909091;0,09090909090909091;0,09090909090909091;0,09090909090909091;0,09090909090909091
244;0,394;-1;-1;-1;-1;-1;-1;-1;-1;0;0;0;0;0,0;;;;;;;;;;;;0,09090909090909091;0,09090909090909091;0,09090909090909091;0,09090909090909091;0,09090909090909091;0,09090909090909091;0,09090909090909091;0,09090909090909091;0,09090909090909091;0,09090909090909091;0,09090909090909091
247;0,396;-1;-1;-1;-1;-1;-1;-1;-1;0;0;0;0;0,0;;;;;;;;;;;;0,09090909090909091;0,09090909090909091;0,09090909090909091;0,09090909090909091;0,09090909090909091;0,09090909090909091;0,09090909090909091;0,09090909090909091;0,09090909090909091;0,09090909090909091;0,09090909090909091
251;0,399;-1;-1;-1;-1;-1;-1;-1;-1;0;0;0;0;0,0;;;;;;;;;;;;0,09090909090909091;0,09090909090909091;0,09090909090909091;0,09090909090909091;0,09090909090909091;0,09090909090909091;0,09090909090909091;0,09090909090909091;0,09090909090909091;0,09090909090909091;0,09090909090909091
258;0,404;-1;-1;-1;-1;-1;-1;-1;-1;0;0;0;0;0,0;;;;;;;;;;;;0,09090909090909091;0,09090909090909091;0,09090909090909091;0,09090909090909091;0,09090909090909091;0,09090909090909091;0,09090909090909091;0,09090909090909091;0,09090909090909091;0,09090909090909091;0,09090909090909091
261;0,406;-1;-1;-1;-1;-1;-1;-1;-1;0;0;0;0;0,0;;;;;;;;;;;;0,09090909090909091;0,09090909090909091;0,09090909090909091;0,09090909090909091;0,09090909090909091;0,09090909090909091;0,09090909090909091;0,09090909090909091;0,09090909090909091;0,09090909090909091;0,09090909090909091
267;0,409;-1;-1;-1;-1;-1;-1;-1;-1;0;0;0;0;0,0;;;;;;;;;;;;0,09090909090909091;0,09090909090909091;0,09090909090909091;0,09090909090909091;0,09090909090909091;0,09090909090909091;0,09090909090909091;0,09090909090909091;0,09090909090909091;0,09090909090909091;0,09090909090909091
270;0,412;-1;-1;-1;-1;-1;-1;-1;-1;0;0;0;0;0,0;;;;;;;;;;;;0,09090909090909091;0,09090909090909091;0,09090909090909091;0,09090909090909091;0,09090909090909091;0,09090909090909091;0,09090909090909091;0,09090909090909091;0,09090909090909091;0,09090909090909091;0,09090909090909091
272;0,416;-1;-1;-1;-1;-1;-1;-1;-1;0;0;0;0;0,0;;;;;;;;;;;;0,09090909090909091;0,09090909090909091;0,09090909090909091;0,09090909090909091;0,09090909090909091;0,09090909090909091;0,09090909090909091;0,09090909090909091;0,09090909090909091;0,09090909090909091;0,09090909090909091
275;0,421;-1;-1;-1;-1;-1;-1;-1;-1;0;0;0;0;0,0;;;;;;;;;;;;0,09090909090909091;0,09090909090909091;0,09090909090909091;0,09090909090909091;0,09090909090909091;0,09090909090909091;0,09090909090909091;0,09090909090909091;0,09090909090909091;0,09090909090909091;0,09090909090909091
281;0,429;-1;-1;-1;-1;-1;-1;-1;-1;0;0;0;0;0,0;;;;;;;;;;;;0,09090909090909091;0,09090909090909091;0,09090909090909091;0,09090909090909091;0,09090909090909091;0,09090909090909091;0,09090909090909091;0,09090909090909091;0,09090909090909091;0,09090909090909091;0,09090909090909091
285;0,435;-1;-1;-1;-1;-1;-1;-1;-1;0;0;0;0;0,0;;;;;;;;;;;;0,09090909090909091;0,09090909090909091;0,09090909090909091;0,09090909090909091;0,09090909090909091;0,09090909090909091;0,09090909090909091;0,09090909090909091;0,09090909090909091;0,09090909090909091;0,09090909090909091
287;0,441;-1;-1;-1;-1;-1;-1;-1;-1;0;0;0;0;0,0;;;;;;;;;;;;0,09090909090909091;0,09090909090909091;0,09090909090909091;0,09090909090909091;0,09090909090909091;0,09090909090909091;0,09090909090909091;0,09090909090909091;0,09090909090909091;0,09090909090909091;0,09090909090909091
293;0,448;-1;-1;-1;-1;-1;-1;-1;-1;0;0;0;0;0,0;;;;;;;;;;;;0,09090909090909091;0,09090909090909091;0,09090909090909091;0,09090909090909091;0,09090909090909091;0,09090909090909091;0,09090909090909091;0,09090909090909091;0,09090909090909091;0,09090909090909091;0,09090909090909091
294;0,45;-1;-1;-1;-1;-1;-1;-1;-1;0;0;0;0;0,0;;;;;;;;;;;;0,09090909090909091;0,09090909090909091;0,09090909090909091;0,09090909090909091;0,09090909090909091;0,09090909090909091;0,09090909090909091;0,09090909090909091;0,09090909090909091;0,09090909090909091;0,09090909090909091
296;0,453;-1;-1;-1;-1;-1;-1;-1;-1;0;0;0;0;0,0;;;;;;;;;;;;0,09090909090909091;0,09090909090909091;0,09090909090909091;0,09090909090909091;0,09090909090909091;0,09090909090909091;0,09090909090909091;0,09090909090909091;0,09090909090909091;0,09090909090909091;0,09090909090909091
301;0,458;-1;-1;-1;-1;-1;-1;-1;-1;0;0;0;0;0,0;;;;;;;;;;;;0,09090909090909091;0,09090909090909091;0,09090909090909091;0,09090909090909091;0,09090909090909091;0,09090909090909091;0,09090909090909091;0,09090909090909091;0,09090909090909091;0,09090909090909091;0,09090909090909091
329;0,467;-1;-1;-1;-1;-1;-1;-1;-1;0;0;0;0;0,0;;;;;;;;;;;;0,09090909090909091;0,09090909090909091;0,09090909090909091;0,09090909090909091;0,09090909090909091;0,09090909090909091;0,09090909090909091;0,09090909090909091;0,09090909090909091;0,09090909090909091;0,09090909090909091
330;0,469;-1;-1;-1;-1;-1;-1;-1;-1;0;0;0;0;0,0;;;;;;;;;;;;0,09090909090909091;0,09090909090909091;0,09090909090909091;0,09090909090909091;0,09090909090909091;0,09090909090909091;0,09090909090909091;0,09090909090909091;0,09090909090909091;0,09090909090909091;0,09090909090909091
337;0,474;-1;-1;-1;-1;-1;-1;-1;-1;0;0;0;0;0,0;;;;;;;;;;;;0,09090909090909091;0,09090909090909091;0,09090909090909091;0,09090909090909091;0,09090909090909091;0,09090909090909091;0,09090909090909091;0,09090909090909091;0,09090909090909091;0,09090909090909091;0,09090909090909091
339;0,476;-1;-1;-1;-1;-1;-1;-1;-1;0;0;0;0;0,0;;;;;;;;;;;;0,09090909090909091;0,09090909090909091;0,09090909090909091;0,09090909090909091;0,09090909090909091;0,09090909090909091;0,09090909090909091;0,09090909090909091;0,09090909090909091;0,09090909090909091;0,09090909090909091
341;0,478;-1;-1;-1;-1;-1;-1;-1;-1;0;0;0;0;0,0;;;;;;;;;;;;0,09090909090909091;0,09090909090909091;0,09090909090909091;0,09090909090909091;0,09090909090909091;0,09090909090909091;0,09090909090909091;0,09090909090909091;0,09090909090909091;0,09090909090909091;0,09090909090909091
388;0,498;-1;-1;-1;-1;-1;-1;-1;-1;0;0;0;0;0,0;;;;;;;;;;;;0,09090909090909091;0,09090909090909091;0,09090909090909091;0,09090909090909091;0,09090909090909091;0,09090909090909091;0,09090909090909091;0,09090909090909091;0,09090909090909091;0,09090909090909091;0,09090909090909091
393;0,5;-1;-1;-1;-1;-1;-1;-1;-1;0;0;0;0;0,0;;;;;;;;;;;;0,09090909090909091;0,09090909090909091;0,09090909090909091;0,09090909090909091;0,09090909090909091;0,09090909090909091;0,09090909090909091;0,09090909090909091;0,09090909090909091;0,09090909090909091;0,09090909090909091
403;0,505;-1;-1;-1;-1;-1;-1;-1;-1;0;0;0;0;0,0;;;;;;;;;;;;0,09090909090909091;0,09090909090909091;0,09090909090909091;0,09090909090909091;0,09090909090909091;0,09090909090909091;0,09090909090909091;0,09090909090909091;0,09090909090909091;0,09090909090909091;0,09090909090909091
414;0,509;-1;-1;-1;-1;-1;-1;-1;-1;0;0;0;0;0,0;;;;;;;;;;;;0,09090909090909091;0,09090909090909091;0,09090909090909091;0,09090909090909091;0,09090909090909091;0,09090909090909091;0,09090909090909091;0,09090909090909091;0,09090909090909091;0,09090909090909091;0,09090909090909091
415;0,511;-1;-1;-1;-1;-1;-1;-1;-1;0;0;0;0;0,0;;;;;;;;;;;;0,09090909090909091;0,09090909090909091;0,09090909090909091;0,09090909090909091;0,09090909090909091;0,09090909090909091;0,09090909090909091;0,09090909090909091;0,09090909090909091;0,09090909090909091;0,09090909090909091
435;0,52;-1;-1;-1;-1;-1;-1;-1;-1;0;0;0;0;0,0;;;;;;;;;;;;0,09090909090909091;0,09090909090909091;0,09090909090909091;0,09090909090909091;0,09090909090909091;0,09090909090909091;0,09090909090909091;0,09090909090909091;0,09090909090909091;0,09090909090909091;0,09090909090909091
441;0,523;-1;-1;-1;-1;-1;-1;-1;-1;0;0;0;0;0,0;;;;;;;;;;;;0,09090909090909091;0,09090909090909091;0,09090909090909091;0,09090909090909091;0,09090909090909091;0,09090909090909091;0,09090909090909091;0,09090909090909091;0,09090909090909091;0,09090909090909091;0,09090909090909091
467;0,532;-1;-1;-1;-1;-1;-1;-1;-1;0;0;0;0;0,0;;;;;;;;;;;;0,09090909090909091;0,09090909090909091;0,09090909090909091;0,09090909090909091;0,09090909090909091;0,09090909090909091;0,09090909090909091;0,09090909090909091;0,09090909090909091;0,09090909090909091;0,09090909090909091
476;0,537;-1;-1;-1;-1;-1;-1;-1;-1;0;0;0;0;0,0;;;;;;;;;;;;0,09090909090909091;0,09090909090909091;0,09090909090909091;0,09090909090909091;0,09090909090909091;0,09090909090909091;0,09090909090909091;0,09090909090909091;0,09090909090909091;0,09090909090909091;0,09090909090909091
478;0,54;-1;-1;-1;-1;-1;-1;-1;-1;0;0;0;0;0,0;;;;;;;;;;;;0,09090909090909091;0,09090909090909091;0,09090909090909091;0,09090909090909091;0,09090909090909091;0,09090909090909091;0,09090909090909091;0,09090909090909091;0,09090909090909091;0,09090909090909091;0,09090909090909091
480;0,543;-1;-1;-1;-1;-1;-1;-1;-1;0;0;0;0;0,0;;;;;;;;;;;;0,09090909090909091;0,09090909090909091;0,09090909090909091;0,09090909090909091;0,09090909090909091;0,09090909090909091;0,09090909090909091;0,09090909090909091;0,09090909090909091;0,09090909090909091;0,09090909090909091
481;0,545;-1;-1;-1;-1;-1;-1;-1;-1;0;0;0;0;0,0;;;;;;;;;;;;0,09090909090909091;0,09090909090909091;0,09090909090909091;0,09090909090909091;0,09090909090909091;0,09090909090909091;0,09090909090909091;0,09090909090909091;0,09090909090909091;0,09090909090909091;0,09090909090909091
484;0,548;-1;-1;-1;-1;-1;-1;-1;-1;0;0;0;0;0,0;;;;;;;;;;;;0,09090909090909091;0,09090909090909091;0,09090909090909091;0,09090909090909091;0,09090909090909091;0,09090909090909091;0,09090909090909091;0,09090909090909091;0,09090909090909091;0,09090909090909091;0,09090909090909091
487;0,55;-1;-1;-1;-1;-1;-1;-1;-1;0;0;0;0;0,0;;;;;;;;;;;;0,09090909090909091;0,09090909090909091;0,09090909090909091;0,09090909090909091;0,09090909090909091;0,09090909090909091;0,09090909090909091;0,09090909090909091;0,09090909090909091;0,09090909090909091;0,09090909090909091
516;0,563;-1;-1;-1;-1;-1;-1;-1;-1;0;0;0;0;0,0;;;;;;;;;;;;0,09090909090909091;0,09090909090909091;0,09090909090909091;0,09090909090909091;0,09090909090909091;0,09090909090909091;0,09090909090909091;0,09090909090909091;0,09090909090909091;0,09090909090909091;0,09090909090909091
535;0,572;-1;-1;-1;-1;-1;-1;-1;-1;0;0;0;0;0,0;;;;;;;;;;;;0,09090909090909091;0,09090909090909091;0,09090909090909091;0,09090909090909091;0,09090909090909091;0,09090909090909091;0,09090909090909091;0,09090909090909091;0,09090909090909091;0,09090909090909091;0,09090909090909091
600;0,593;-1;-1;-1;-1;-1;-1;-1;-1;0;0;0;0;0,0;;;;;;;;;;;;0,09090909090909091;0,09090909090909091;0,09090909090909091;0,09090909090909091;0,09090909090909091;0,09090909090909091;0,09090909090909091;0,09090909090909091;0,09090909090909091;0,09090909090909091;0,09090909090909091
606;0,597;-1;-1;-1;-1;-1;-1;-1;-1;0;0;0;0;0,0;;;;;;;;;;;;0,09090909090909091;0,09090909090909091;0,09090909090909091;0,09090909090909091;0,09090909090909091;0,09090909090909091;0,09090909090909091;0,09090909090909091;0,09090909090909091;0,09090909090909091;0,09090909090909091
616;0,603;-1;-1;-1;-1;-1;-1;-1;-1;0;0;0;0;0,0;;;;;;;;;;;;0,09090909090909091;0,09090909090909091;0,09090909090909091;0,09090909090909091;0,09090909090909091;0,09090909090909091;0,09090909090909091;0,09090909090909091;0,09090909090909091;0,09090909090909091;0,09090909090909091
618;0,606;-1;-1;-1;-1;-1;-1;-1;-1;0;0;0;0;0,0;;;;;;;;;;;;0,09090909090909091;0,09090909090909091;0,09090909090909091;0,09090909090909091;0,09090909090909091;0,09090909090909091;0,09090909090909091;0,09090909090909091;0,09090909090909091;0,09090909090909091;0,09090909090909091
647;0,618;-1;-1;-1;-1;-1;-1;-1;-1;0;0;0;0;0,0;;;;;;;;;;;;0,09090909090909091;0,09090909090909091;0,09090909090909091;0,09090909090909091;0,09090909090909091;0,09090909090909091;0,09090909090909091;0,09090909090909091;0,09090909090909091;0,09090909090909091;0,09090909090909091
659;0,625;-1;-1;-1;-1;-1;-1;-1;-1;0;0;0;0;0,0;;;;;;;;;;;;0,09090909090909091;0,09090909090909091;0,09090909090909091;0,09090909090909091;0,09090909090909091;0,09090909090909091;0,09090909090909091;0,09090909090909091;0,09090909090909091;0,09090909090909091;0,09090909090909091
665;0,628;-1;-1;-1;-1;-1;-1;-1;-1;0;0;0;0;0,0;;;;;;;;;;;;0,09090909090909091;0,09090909090909091;0,09090909090909091;0,09090909090909091;0,09090909090909091;0,09090909090909091;0,09090909090909091;0,09090909090909091;0,09090909090909091;0,09090909090909091;0,09090909090909091
681;0,637;-1;-1;-1;-1;-1;-1;-1;-1;0;0;0;0;0,0;;;;;;;;;;;;0,09090909090909091;0,09090909090909091;0,09090909090909091;0,09090909090909091;0,09090909090909091;0,09090909090909091;0,09090909090909091;0,09090909090909091;0,09090909090909091;0,09090909090909091;0,09090909090909091
708;0,646;-1;-1;-1;-1;-1;-1;-1;-1;0;0;0;0;0,0;;;;;;;;;;;;0,09090909090909091;0,09090909090909091;0,09090909090909091;0,09090909090909091;0,09090909090909091;0,09090909090909091;0,09090909090909091;0,09090909090909091;0,09090909090909091;0,09090909090909091;0,09090909090909091
821;0,684;-1;-1;-1;-1;-1;-1;-1;-1;0;0;0;0;0,0;;;;;;;;;;;;0,09090909090909091;0,09090909090909091;0,09090909090909091;0,09090909090909091;0,09090909090909091;0,09090909090909091;0,09090909090909091;0,09090909090909091;0,09090909090909091;0,09090909090909091;0,09090909090909091
826;0,69;-1;-1;-1;-1;-1;-1;-1;-1;0;0;0;0;0,0;;;;;;;;;;;;0,09090909090909091;0,09090909090909091;0,09090909090909091;0,09090909090909091;0,09090909090909091;0,09090909090909091;0,09090909090909091;0,09090909090909091;0,09090909090909091;0,09090909090909091;0,09090909090909091
843;0,699;-1;-1;-1;-1;-1;-1;-1;-1;0;0;0;0;0,0;;;;;;;;;;;;0,09090909090909091;0,09090909090909091;0,09090909090909091;0,09090909090909091;0,09090909090909091;0,09090909090909091;0,09090909090909091;0,09090909090909091;0,09090909090909091;0,09090909090909091;0,09090909090909091
986;0,759;-1;-1;-1;-1;-1;-1;-1;-1;0;0;0;0;0,0;;;;;;;;;;;;0,09090909090909091;0,09090909090909091;0,09090909090909091;0,09090909090909091;0,09090909090909091;0,09090909090909091;0,09090909090909091;0,09090909090909091;0,09090909090909091;0,09090909090909091;0,09090909090909091
1069;0,794;-1;-1;-1;-1;-1;-1;-1;-1;0;0;0;0;0,0;;;;;;;;;;;;0,09090909090909091;0,09090909090909091;0,09090909090909091;0,09090909090909091;0,09090909090909091;0,09090909090909091;0,09090909090909091;0,09090909090909091;0,09090909090909091;0,09090909090909091;0,09090909090909091
1181;0,833;-1;-1;-1;-1;-1;-1;-1;-1;0;0;0;0;0,0;;;;;;;;;;;;0,09090909090909091;0,09090909090909091;0,09090909090909091;0,09090909090909091;0,09090909090909091;0,09090909090909091;0,09090909090909091;0,09090909090909091;0,09090909090909091;0,09090909090909091;0,09090909090909091
1185;0,836;-1;-1;-1;-1;-1;-1;-1;-1;0;0;0;0;0,0;;;;;;;;;;;;0,09090909090909091;0,09090909090909091;0,09090909090909091;0,09090909090909091;0,09090909090909091;0,09090909090909091;0,09090909090909091;0,09090909090909091;0,09090909090909091;0,09090909090909091;0,09090909090909091
1214;0,848;-1;-1;-1;-1;-1;-1;-1;-1;0;0;0;0;0,0;;;;;;;;;;;;0,09090909090909091;0,09090909090909091;0,09090909090909091;0,09090909090909091;0,09090909090909091;0,09090909090909091;0,09090909090909091;0,09090909090909091;0,09090909090909091;0,09090909090909091;0,09090909090909091
1310;0,888;-1;-1;-1;-1;-1;-1;-1;-1;0;0;0;0;0,0;;;;;;;;;;;;0,09090909090909091;0,09090909090909091;0,09090909090909091;0,09090909090909091;0,09090909090909091;0,09090909090909091;0,09090909090909091;0,09090909090909091;0,09090909090909091;0,09090909090909091;0,09090909090909091
1321;0,894;-1;-1;-1;-1;-1;-1;-1;-1;0;0;0;0;0,0;;;;;;;;;;;;0,09090909090909091;0,09090909090909091;0,09090909090909091;0,09090909090909091;0,09090909090909091;0,09090909090909091;0,09090909090909091;0,09090909090909091;0,09090909090909091;0,09090909090909091;0,09090909090909091
1482;0,968;-1;-1;-1;-1;-1;-1;-1;-1;0;0;0;0;0,0;;;;;;;;;;;;0,09090909090909091;0,09090909090909091;0,09090909090909091;0,09090909090909091;0,09090909090909091;0,09090909090909091;0,09090909090909091;0,09090909090909091;0,09090909090909091;0,09090909090909091;0,09090909090909091
1792;1,086;-1;-1;-1;-1;-1;-1;-1;-1;0;0;0;0;0,0;;;;;;;;;;;;0,09090909090909091;0,09090909090909091;0,09090909090909091;0,09090909090909091;0,09090909090909091;0,09090909090909091;0,09090909090909091;0,09090909090909091;0,09090909090909091;0,09090909090909091;0,09090909090909091
1833;1,098;-1;-1;-1;-1;-1;-1;-1;-1;0;0;0;0;0,0;;;;;;;;;;;;0,09090909090909091;0,09090909090909091;0,09090909090909091;0,09090909090909091;0,09090909090909091;0,09090909090909091;0,09090909090909091;0,09090909090909091;0,09090909090909091;0,09090909090909091;0,09090909090909091
1955;1,146;-1;-1;-1;-1;-1;-1;-1;-1;0;0;0;0;0,0;;;;;;;;;;;;0,09090909090909091;0,09090909090909091;0,09090909090909091;0,09090909090909091;0,09090909090909091;0,09090909090909091;0,09090909090909091;0,09090909090909091;0,09090909090909091;0,09090909090909091;0,09090909090909091
1970;1,154;-1;-1;-1;-1;-1;-1;-1;-1;0;0;0;0;0,0;;;;;;;;;;;;0,09090909090909091;0,09090909090909091;0,09090909090909091;0,09090909090909091;0,09090909090909091;0,09090909090909091;0,09090909090909091;0,09090909090909091;0,09090909090909091;0,09090909090909091;0,09090909090909091
2095;1,2;-1;-1;-1;-1;-1;-1;-1;-1;0;0;0;0;0,0;;;;;;;;;;;;0,09090909090909091;0,09090909090909091;0,09090909090909091;0,09090909090909091;0,09090909090909091;0,09090909090909091;0,09090909090909091;0,09090909090909091;0,09090909090909091;0,09090909090909091;0,09090909090909091
2214;1,243;-1;-1;-1;-1;-1;-1;-1;-1;0;0;0;0;0,0;;;;;;;;;;;;0,09090909090909091;0,09090909090909091;0,09090909090909091;0,09090909090909091;0,09090909090909091;0,09090909090909091;0,09090909090909091;0,09090909090909091;0,09090909090909091;0,09090909090909091;0,09090909090909091
2216;1,245;-1;-1;-1;-1;-1;-1;-1;-1;0;0;0;0;0,0;;;;;;;;;;;;0,09090909090909091;0,09090909090909091;0,09090909090909091;0,09090909090909091;0,09090909090909091;0,09090909090909091;0,09090909090909091;0,09090909090909091;0,09090909090909091;0,09090909090909091;0,09090909090909091
2337;1,353;-1;-1;-1;-1;-1;-1;-1;-1;1;0;2;1;0,042498;;;;;;;;;;;;0,09090909090909091;0,09090909090909091;0,09090909090909091;0,09090909090909091;0,09090909090909091;0,09090909090909091;0,09090909090909091;0,09090909090909091;0,09090909090909091;0,09090909090909091;0,09090909090909091
2391;1,416;-1;-1;-1;-1;-1;-1;-1;-1;2;0;5;2;0,087917;;;;;;;;;;;;0,09090909090909091;0,09090909090909091;0,09090909090909091;0,09090909090909091;0,09090909090909091;0,09090909090909091;0,09090909090909091;0,09090909090909091;0,09090909090909091;0,09090909090909091;0,09090909090909091
2457;1,704;-1;-1;-1;-1;-1;-1;-1;-1;3;0;28;3;0,359172;;;;;;;;;;;;0,09090909090909091;0,09090909090909091;0,09090909090909091;0,09090909090909091;0,09090909090909091;0,09090909090909091;0,09090909090909091;0,09090909090909091;0,09090909090909091;0,09090909090909091;0,09090909090909091
2472;1,889;-1;-1;-1;-1;-1;-1;-1;-1;4;0;37;5;0,539349;;;;;;;;;;;;0,09090909090909091;0,09090909090909091;0,09090909090909091;0,09090909090909091;0,09090909090909091;0,09090909090909091;0,09090909090909091;0,09090909090909091;0,09090909090909091;0,09090909090909091;0,09090909090909091
4979;3,238;-1;-1;-1;-1;-1;-1;-1;-1;4;0;55;6;0,88972;;;;;;;;;;;;0,09090909090909091;0,09090909090909091;0,09090909090909091;0,09090909090909091;0,09090909090909091;0,09090909090909091;0,09090909090909091;0,09090909090909091;0,09090909090909091;0,09090909090909091;0,09090909090909091
5411;3,439;-1;-1;-1;-1;-1;-1;-1;-1;5;0;56;6;0,89101195;;;;;;;;;;;;0,09090909090909091;0,09090909090909091;0,09090909090909091;0,09090909090909091;0,09090909090909091;0,09090909090909091;0,09090909090909091;0,09090909090909091;0,09090909090909091;0,09090909090909091;0,09090909090909091
5429;3,491;35,0;36,0;36,0;35,0;10;1;0,20633999989219998;0,20080000000000003;5;0;58;6;0,89347;;;;;;;;;;;1;0,0890909090909091;0,0890909090909091;0,0890909090909091;0,0890909090909091;0,0890909090909091;0,0890909090909091;0,0890909090909091;0,0890909090909091;0,0890909090909091;0,0890909090909091;0,1090909090909091
5429;3,492;-1;-1;-1;-1;-1;-1;-1;-1;6;1;59;6;0,936401;;;;;;;;;;;1;0,0890909090909091;0,0890909090909091;0,0890909090909091;0,0890909090909091;0,0890909090909091;0,0890909090909091;0,0890909090909091;0,0890909090909091;0,0890909090909091;0,0890909090909091;0,1090909090909091
6399;4,349;-1;-1;-1;-1;-1;-1;-1;-1;6;1;87;8;1,3737841;;;;;;;;;;;1;0,0890909090909091;0,0890909090909091;0,0890909090909091;0,0890909090909091;0,0890909090909091;0,0890909090909091;0,0890909090909091;0,0890909090909091;0,0890909090909091;0,0890909090909091;0,1090909090909091
6993;5,079;33,0;34,0;34,0;33,0;8;7;0,5406000000000029;0,23250000000000065;6;1;110;8;1,8601401;;;;;;;;;7;;1;0,0890909090909091;0,0890909090909091;0,0890909090909091;0,0890909090909091;0,0890909090909091;0,0890909090909091;0,0890909090909091;0,0890909090909091;0,0890909090909091;0,0890909090909091;0,1090909090909091
6993;5,081;-1;-1;-1;-1;-1;-1;-1;-1;7;1;111;9;1,8621429;;;;;;;;;7;;1;0,0890909090909091;0,0890909090909091;0,0890909090909091;0,0890909090909091;0,0890909090909091;0,0890909090909091;0,0890909090909091;0,0890909090909091;0,0890909090909091;0,0890909090909091;0,1090909090909091
12010;9,852;-1;-1;-1;-1;-1;-1;-1;-1;8;1;142;11;2,881407;;;;;;;;;7;;1;0,0890909090909091;0,0890909090909091;0,0890909090909091;0,0890909090909091;0,0890909090909091;0,0890909090909091;0,0890909090909091;0,0890909090909091;0,0890909090909091;0,0890909090909091;0,1090909090909091
