Iteration;Time;BestFitness;CurrentFitness;Threshold
1;0,017;410,0;429,0;429,0
2;0,023;409,0;410,0;410,0
4;0,03;408,0;409,0;409,0
5;0,071;402,0;408,0;408,0
7;0,075;401,0;402,0;402,0
8;0,084;400,0;401,0;401,0
9;0,084;400,0;400,0;401,0
11;0,085;400,0;400,0;401,0
14;0,092;395,0;400,0;400,0
15;0,126;389,0;395,0;395,0
16;0,128;388,0;389,0;389,0
17;0,129;388,0;388,0;389,0
18;0,134;387,0;388,0;388,0
19;0,141;384,0;387,0;387,0
20;0,143;383,0;384,0;384,0
21;0,159;382,0;383,0;383,0
22;0,162;376,0;382,0;382,0
23;0,165;370,0;376,0;376,0
24;0,165;370,0;370,0;376,0
25;0,167;362,0;370,0;370,0
26;0,169;361,0;362,0;362,0
27;0,17;361,0;361,0;362,0
28;0,175;351,0;361,0;361,0
29;0,175;351,0;351,0;361,0
31;0,181;347,0;351,0;351,0
33;0,186;344,0;347,0;347,0
34;0,188;341,0;344,0;344,0
36;0,19;340,0;341,0;341,0
40;0,191;340,0;340,0;341,0
42;0,194;337,0;340,0;340,0
43;0,195;336,0;337,0;337,0
45;0,196;336,0;336,0;337,0
46;0,199;323,0;336,0;336,0
47;0,2;322,0;323,0;323,0
49;0,201;322,0;322,0;323,0
50;0,203;318,0;322,0;322,0
51;0,203;318,0;318,0;322,0
53;0,205;315,0;318,0;318,0
55;0,205;315,0;315,0;318,0
56;0,207;314,0;315,0;315,0
57;0,212;311,0;314,0;314,0
61;0,213;311,0;311,0;314,0
64;0,22;309,0;311,0;311,0
67;0,226;306,0;309,0;309,0
70;0,229;303,0;306,0;306,0
71;0,23;300,0;303,0;303,0
75;0,231;300,0;300,0;303,0
77;0,231;300,0;300,0;303,0
78;0,233;299,0;300,0;300,0
80;0,235;297,0;299,0;299,0
81;0,237;294,0;297,0;297,0
82;0,239;290,0;294,0;294,0
84;0,242;289,0;290,0;290,0
85;0,244;286,0;289,0;289,0
88;0,247;285,0;286,0;286,0
89;0,248;285,0;285,0;286,0
90;0,251;282,0;285,0;285,0
93;0,253;279,0;282,0;282,0
94;0,255;274,0;279,0;279,0
96;0,258;273,0;274,0;274,0
97;0,26;272,0;273,0;273,0
98;0,268;271,0;272,0;272,0
99;0,275;269,0;271,0;271,0
100;0,285;266,0;269,0;269,0
103;0,288;263,0;266,0;266,0
104;0,29;260,0;263,0;263,0
105;0,293;259,0;260,0;260,0
107;0,296;256,0;259,0;259,0
108;0,298;249,0;256,0;256,0
109;0,299;249,0;249,0;256,0
110;0,304;245,0;249,0;249,0
114;0,307;244,0;245,0;245,0
115;0,309;242,0;244,0;244,0
117;0,309;242,0;242,0;244,0
120;0,313;231,0;242,0;242,0
121;0,313;231,0;231,0;242,0
122;0,313;231,0;231,0;242,0
124;0,316;230,0;231,0;231,0
130;0,32;227,0;230,0;230,0
132;0,322;226,0;227,0;227,0
134;0,325;225,0;226,0;226,0
135;0,328;223,0;225,0;225,0
136;0,33;222,0;223,0;223,0
140;0,331;222,0;222,0;223,0
141;0,333;221,0;222,0;222,0
142;0,336;220,0;221,0;221,0
144;0,339;217,0;220,0;220,0
146;0,342;212,0;217,0;217,0
149;0,345;209,0;212,0;212,0
150;0,345;209,0;209,0;212,0
151;0,346;209,0;209,0;212,0
155;0,35;205,0;209,0;209,0
157;0,356;204,0;205,0;205,0
158;0,362;201,0;204,0;204,0
159;0,362;201,0;201,0;204,0
160;0,368;200,0;201,0;201,0
162;0,368;200,0;200,0;201,0
163;0,371;199,0;200,0;200,0
168;0,375;195,0;199,0;199,0
169;0,375;195,0;195,0;199,0
170;0,377;194,0;195,0;195,0
171;0,38;192,0;194,0;194,0
173;0,383;188,0;192,0;192,0
176;0,385;187,0;188,0;188,0
177;0,387;185,0;187,0;187,0
178;0,39;183,0;185,0;185,0
179;0,391;183,0;183,0;185,0
182;0,394;181,0;183,0;183,0
183;0,394;181,0;181,0;183,0
184;0,397;180,0;181,0;181,0
185;0,398;180,0;180,0;181,0
187;0,399;180,0;180,0;181,0
188;0,399;180,0;180,0;181,0
189;0,401;175,0;180,0;180,0
190;0,404;173,0;175,0;175,0
191;0,406;170,0;173,0;173,0
194;0,408;167,0;170,0;170,0
195;0,412;165,0;167,0;167,0
197;0,412;165,0;165,0;167,0
198;0,413;165,0;165,0;167,0
201;0,416;164,0;165,0;165,0
203;0,418;161,0;164,0;164,0
204;0,42;160,0;161,0;161,0
205;0,423;157,0;160,0;160,0
206;0,425;156,0;157,0;157,0
211;0,429;155,0;156,0;156,0
212;0,431;154,0;155,0;155,0
213;0,433;153,0;154,0;154,0
215;0,434;153,0;153,0;154,0
216;0,435;153,0;153,0;154,0
217;0,437;150,0;153,0;153,0
218;0,439;149,0;150,0;150,0
220;0,442;147,0;149,0;149,0
221;0,444;145,0;147,0;147,0
222;0,447;143,0;145,0;145,0
223;0,447;143,0;143,0;145,0
224;0,45;142,0;143,0;143,0
230;0,457;141,0;142,0;142,0
233;0,462;140,0;141,0;141,0
234;0,467;139,0;140,0;140,0
235;0,472;138,0;139,0;139,0
236;0,473;138,0;138,0;139,0
241;0,48;137,0;138,0;138,0
242;0,484;133,0;137,0;137,0
244;0,487;132,0;133,0;133,0
245;0,489;129,0;132,0;132,0
246;0,491;128,0;129,0;129,0
252;0,492;128,0;128,0;129,0
253;0,492;128,0;129,0;129,0
254;0,493;128,0;129,0;129,0
255;0,494;128,0;128,0;129,0
257;0,494;128,0;128,0;129,0
260;0,496;128,0;128,0;129,0
262;0,496;128,0;128,0;129,0
266;0,497;128,0;128,0;129,0
267;0,497;128,0;128,0;129,0
268;0,499;127,0;128,0;128,0
269;0,502;126,0;127,0;127,0
271;0,504;125,0;126,0;126,0
272;0,504;125,0;125,0;126,0
274;0,505;125,0;125,0;126,0
280;0,507;125,0;125,0;126,0
281;0,507;125,0;126,0;126,0
283;0,508;125,0;126,0;126,0
285;0,51;123,0;126,0;125,0
286;0,512;122,0;123,0;123,0
290;0,513;122,0;122,0;123,0
291;0,514;122,0;122,0;123,0
292;0,516;120,0;122,0;122,0
293;0,516;120,0;120,0;122,0
298;0,517;120,0;120,0;122,0
299;0,519;119,0;120,0;120,0
300;0,52;119,0;119,0;120,0
301;0,522;118,0;119,0;119,0
303;0,523;118,0;118,0;119,0
304;0,523;118,0;118,0;119,0
308;0,524;118,0;118,0;119,0
309;0,525;118,0;118,0;119,0
310;0,526;118,0;118,0;119,0
311;0,528;116,0;118,0;118,0
313;0,529;116,0;116,0;118,0
314;0,531;114,0;116,0;116,0
315;0,533;113,0;114,0;114,0
317;0,535;112,0;113,0;113,0
320;0,536;112,0;112,0;113,0
321;0,538;110,0;112,0;112,0
322;0,538;110,0;110,0;112,0
324;0,539;110,0;110,0;112,0
325;0,539;110,0;110,0;112,0
328;0,539;110,0;110,0;112,0
329;0,541;109,0;110,0;110,0
330;0,543;107,0;109,0;109,0
332;0,546;106,0;107,0;107,0
335;0,549;104,0;106,0;106,0
339;0,552;103,0;104,0;104,0
340;0,552;103,0;103,0;104,0
343;0,553;103,0;103,0;104,0
344;0,554;103,0;103,0;104,0
346;0,555;103,0;103,0;104,0
347;0,556;103,0;103,0;104,0
348;0,556;103,0;103,0;104,0
349;0,557;103,0;103,0;104,0
352;0,558;103,0;103,0;104,0
355;0,56;102,0;103,0;103,0
357;0,562;101,0;102,0;102,0
358;0,563;101,0;101,0;102,0
359;0,564;101,0;101,0;102,0
361;0,564;101,0;101,0;102,0
362;0,565;101,0;101,0;102,0
363;0,567;100,0;101,0;101,0
364;0,567;100,0;100,0;101,0
366;0,569;98,0;100,0;100,0
368;0,571;95,0;98,0;98,0
369;0,572;95,0;95,0;98,0
370;0,573;95,0;95,0;98,0
371;0,573;95,0;95,0;98,0
372;0,574;95,0;95,0;98,0
373;0,576;94,0;95,0;95,0
378;0,579;90,0;94,0;94,0
379;0,58;90,0;90,0;94,0
380;0,58;90,0;90,0;94,0
381;0,581;90,0;90,0;94,0
382;0,582;90,0;90,0;94,0
383;0,584;90,0;90,0;94,0
387;0,585;90,0;90,0;94,0
388;0,586;90,0;90,0;94,0
389;0,586;90,0;90,0;94,0
392;0,587;90,0;90,0;94,0
394;0,588;90,0;90,0;94,0
395;0,588;90,0;90,0;94,0
396;0,589;90,0;94,0;94,0
397;0,589;90,0;94,0;94,0
398;0,59;90,0;94,0;94,0
401;0,591;90,0;93,0;94,0
402;0,591;90,0;92,0;94,0
404;0,592;90,0;92,0;94,0
406;0,593;90,0;91,0;94,0
408;0,594;90,0;91,0;94,0
409;0,595;90,0;91,0;94,0
414;0,596;90,0;91,0;94,0
418;0,597;90,0;93,0;94,0
424;0,598;90,0;91,0;94,0
426;0,599;90,0;91,0;94,0
427;0,599;90,0;94,0;94,0
429;0,6;90,0;94,0;94,0
435;0,602;90,0;93,0;95,0
437;0,602;90,0;93,0;95,0
438;0,603;90,0;95,0;95,0
443;0,604;90,0;95,0;95,0
444;0,605;90,0;94,0;95,0
445;0,605;90,0;94,0;95,0
446;0,605;90,0;91,0;95,0
447;0,605;90,0;91,0;95,0
448;0,606;90,0;90,0;95,0
451;0,608;89,0;90,0;90,0
452;0,609;89,0;89,0;90,0
458;0,61;89,0;89,0;90,0
459;0,611;89,0;89,0;90,0
460;0,613;88,0;89,0;89,0
461;0,614;88,0;88,0;89,0
462;0,614;88,0;88,0;89,0
465;0,615;88,0;88,0;89,0
466;0,615;88,0;88,0;89,0
467;0,617;87,0;88,0;88,0
468;0,619;86,0;87,0;87,0
469;0,62;86,0;86,0;87,0
470;0,621;83,0;86,0;86,0
471;0,622;83,0;83,0;86,0
472;0,624;82,0;83,0;83,0
473;0,624;82,0;82,0;83,0
475;0,626;81,0;82,0;82,0
477;0,627;81,0;81,0;82,0
478;0,627;81,0;81,0;82,0
479;0,629;79,0;81,0;81,0
480;0,63;79,0;79,0;81,0
482;0,632;78,0;79,0;79,0
485;0,633;78,0;78,0;79,0
486;0,634;78,0;78,0;79,0
487;0,634;78,0;78,0;79,0
488;0,639;77,0;78,0;78,0
489;0,64;77,0;77,0;78,0
491;0,646;76,0;77,0;77,0
493;0,647;76,0;76,0;77,0
494;0,647;76,0;76,0;77,0
495;0,648;76,0;76,0;77,0
497;0,649;76,0;76,0;77,0
498;0,649;76,0;76,0;77,0
499;0,649;76,0;76,0;77,0
500;0,65;76,0;76,0;77,0
501;0,655;75,0;76,0;76,0
502;0,656;75,0;75,0;76,0
503;0,656;75,0;75,0;76,0
505;0,661;74,0;75,0;75,0
507;0,663;74,0;74,0;75,0
508;0,663;74,0;74,0;75,0
511;0,664;74,0;74,0;75,0
514;0,669;72,0;74,0;74,0
515;0,67;72,0;72,0;74,0
517;0,676;71,0;72,0;72,0
518;0,677;71,0;71,0;72,0
521;0,678;71,0;71,0;72,0
522;0,679;71,0;71,0;72,0
524;0,68;71,0;71,0;72,0
525;0,681;71,0;71,0;72,0
529;0,681;71,0;71,0;72,0
531;0,682;71,0;71,0;72,0
532;0,684;70,0;71,0;71,0
534;0,685;70,0;70,0;71,0
535;0,685;70,0;70,0;71,0
536;0,686;70,0;70,0;71,0
538;0,686;70,0;70,0;71,0
539;0,688;68,0;70,0;70,0
540;0,688;68,0;68,0;70,0
544;0,689;68,0;68,0;70,0
547;0,69;68,0;68,0;70,0
550;0,691;68,0;68,0;70,0
552;0,692;68,0;70,0;70,0
553;0,692;68,0;70,0;70,0
554;0,693;68,0;70,0;70,0
561;0,694;68,0;70,0;70,0
562;0,695;68,0;70,0;70,0
564;0,696;68,0;70,0;70,0
572;0,697;68,0;69,0;70,0
574;0,697;68,0;70,0;70,0
578;0,699;68,0;70,0;70,0
583;0,701;68,0;70,0;70,0
586;0,702;68,0;70,0;70,0
588;0,703;68,0;70,0;71,0
589;0,704;68,0;70,0;71,0
590;0,706;67,0;70,0;68,0
591;0,706;67,0;67,0;68,0
592;0,707;67,0;67,0;68,0
594;0,708;67,0;67,0;68,0
595;0,708;67,0;67,0;68,0
599;0,709;67,0;67,0;68,0
600;0,711;66,0;67,0;67,0
602;0,712;66,0;66,0;67,0
605;0,712;66,0;66,0;67,0
608;0,713;66,0;66,0;67,0
613;0,716;63,0;66,0;66,0
614;0,716;63,0;63,0;66,0
619;0,719;61,0;63,0;63,0
620;0,72;61,0;61,0;63,0
624;0,721;61,0;61,0;63,0
631;0,722;61,0;61,0;63,0
633;0,722;61,0;61,0;63,0
638;0,724;61,0;63,0;63,0
639;0,725;61,0;63,0;63,0
640;0,725;61,0;62,0;63,0
642;0,726;61,0;62,0;63,0
644;0,727;61,0;61,0;63,0
646;0,728;61,0;61,0;63,0
647;0,728;61,0;61,0;63,0
649;0,731;60,0;61,0;61,0
650;0,731;60,0;60,0;61,0
652;0,733;58,0;60,0;60,0
654;0,734;58,0;58,0;60,0
655;0,735;58,0;58,0;60,0
657;0,736;58,0;58,0;60,0
658;0,736;58,0;58,0;60,0
660;0,738;58,0;58,0;60,0
664;0,74;57,0;58,0;58,0
666;0,74;57,0;57,0;58,0
670;0,741;57,0;57,0;58,0
671;0,742;57,0;57,0;58,0
673;0,742;57,0;57,0;58,0
675;0,743;57,0;57,0;58,0
680;0,744;57,0;57,0;58,0
682;0,745;57,0;57,0;58,0
683;0,745;57,0;57,0;58,0
684;0,746;57,0;57,0;58,0
687;0,746;57,0;57,0;58,0
689;0,747;57,0;57,0;58,0
690;0,747;57,0;57,0;58,0
692;0,748;57,0;58,0;58,0
695;0,749;57,0;58,0;58,0
698;0,75;57,0;58,0;58,0
700;0,75;57,0;58,0;58,0
701;0,751;57,0;58,0;58,0
702;0,751;57,0;58,0;58,0
703;0,752;57,0;57,0;58,0
704;0,752;57,0;57,0;58,0
706;0,752;57,0;57,0;58,0
708;0,753;57,0;57,0;58,0
711;0,754;57,0;57,0;58,0
713;0,755;57,0;57,0;58,0
716;0,755;57,0;57,0;58,0
720;0,756;57,0;57,0;58,0
725;0,757;57,0;58,0;58,0
729;0,758;57,0;58,0;58,0
730;0,759;57,0;58,0;58,0
731;0,759;57,0;58,0;58,0
733;0,76;57,0;57,0;58,0
736;0,761;57,0;57,0;58,0
737;0,761;57,0;57,0;58,0
741;0,762;57,0;57,0;58,0
742;0,763;57,0;57,0;58,0
744;0,764;57,0;57,0;58,0
745;0,764;57,0;57,0;58,0
748;0,765;57,0;57,0;58,0
751;0,766;57,0;57,0;60,0
752;0,767;57,0;57,0;60,0
753;0,767;57,0;57,0;60,0
756;0,768;57,0;60,0;60,0
757;0,769;57,0;60,0;60,0
763;0,77;57,0;60,0;60,0
767;0,771;57,0;60,0;60,0
768;0,771;57,0;60,0;60,0
772;0,772;57,0;60,0;60,0
773;0,773;57,0;60,0;60,0
774;0,773;57,0;60,0;60,0
777;0,774;57,0;59,0;60,0
778;0,775;57,0;58,0;60,0
780;0,775;57,0;58,0;60,0
785;0,776;57,0;58,0;60,0
786;0,777;57,0;58,0;60,0
787;0,777;57,0;58,0;60,0
789;0,778;57,0;58,0;60,0
790;0,779;57,0;58,0;60,0
791;0,779;57,0;58,0;60,0
792;0,78;57,0;58,0;60,0
795;0,781;57,0;58,0;60,0
797;0,781;57,0;58,0;60,0
799;0,782;57,0;58,0;60,0
800;0,783;57,0;58,0;60,0
801;0,783;57,0;58,0;60,0
804;0,785;57,0;58,0;60,0
806;0,785;57,0;57,0;60,0
807;0,786;57,0;57,0;60,0
809;0,787;56,0;57,0;57,0
811;0,788;56,0;56,0;57,0
812;0,789;56,0;56,0;57,0
814;0,79;56,0;56,0;57,0
817;0,791;56,0;56,0;57,0
818;0,791;56,0;56,0;57,0
819;0,791;56,0;56,0;57,0
822;0,793;56,0;56,0;57,0
823;0,793;56,0;56,0;57,0
825;0,794;56,0;56,0;57,0
827;0,795;56,0;56,0;57,0
828;0,795;56,0;56,0;57,0
831;0,796;56,0;56,0;57,0
832;0,797;56,0;56,0;57,0
834;0,797;56,0;56,0;57,0
837;0,798;56,0;56,0;57,0
838;0,798;56,0;56,0;57,0
840;0,799;56,0;56,0;57,0
843;0,799;56,0;56,0;57,0
845;0,8;56,0;56,0;57,0
847;0,801;56,0;57,0;57,0
848;0,801;56,0;57,0;57,0
852;0,802;56,0;57,0;57,0
854;0,803;56,0;57,0;57,0
855;0,803;56,0;57,0;57,0
857;0,804;56,0;57,0;57,0
859;0,804;56,0;57,0;57,0
860;0,805;56,0;57,0;57,0
869;0,807;56,0;56,0;57,0
870;0,808;56,0;56,0;57,0
872;0,809;55,0;56,0;56,0
874;0,81;55,0;55,0;56,0
877;0,811;55,0;55,0;56,0
880;0,811;55,0;55,0;56,0
883;0,813;55,0;55,0;56,0
885;0,814;55,0;55,0;56,0
886;0,814;55,0;55,0;56,0
887;0,815;55,0;55,0;56,0
890;0,815;55,0;55,0;56,0
892;0,816;55,0;55,0;56,0
898;0,817;55,0;55,0;56,0
903;0,818;55,0;55,0;56,0
904;0,819;55,0;56,0;56,0
906;0,819;55,0;56,0;56,0
908;0,82;55,0;56,0;56,0
909;0,821;55,0;55,0;56,0
911;0,822;55,0;55,0;56,0
913;0,823;54,0;55,0;55,0
917;0,824;54,0;54,0;55,0
924;0,826;54,0;54,0;55,0
929;0,828;54,0;54,0;55,0
931;0,829;53,0;54,0;54,0
932;0,83;53,0;53,0;54,0
933;0,83;53,0;53,0;54,0
935;0,831;53,0;53,0;54,0
943;0,833;51,0;53,0;53,0
944;0,834;51,0;51,0;53,0
945;0,835;51,0;51,0;53,0
947;0,836;51,0;51,0;53,0
950;0,837;51,0;51,0;53,0
952;0,838;50,0;51,0;51,0
957;0,84;50,0;50,0;51,0
960;0,842;50,0;50,0;51,0
961;0,842;50,0;50,0;51,0
964;0,843;50,0;50,0;51,0
966;0,844;50,0;50,0;51,0
967;0,844;50,0;50,0;51,0
969;0,845;50,0;50,0;51,0
970;0,845;50,0;50,0;51,0
972;0,846;50,0;50,0;51,0
975;0,846;50,0;50,0;51,0
979;0,848;50,0;50,0;51,0
981;0,848;50,0;50,0;51,0
984;0,849;50,0;50,0;51,0
985;0,85;50,0;51,0;51,0
987;0,85;50,0;51,0;51,0
991;0,852;50,0;51,0;51,0
993;0,852;50,0;51,0;51,0
994;0,853;50,0;51,0;51,0
1005;0,855;50,0;51,0;51,0
1011;0,857;50,0;51,0;51,0
1012;0,857;50,0;51,0;51,0
1013;0,858;50,0;51,0;51,0
1019;0,859;50,0;51,0;51,0
1020;0,86;50,0;51,0;51,0
1021;0,86;50,0;51,0;51,0
1029;0,862;50,0;51,0;51,0
1031;0,863;50,0;51,0;51,0
1040;0,865;50,0;51,0;51,0
1044;0,866;50,0;51,0;51,0
1048;0,867;50,0;51,0;51,0
1050;0,868;50,0;51,0;51,0
1056;0,869;50,0;51,0;51,0
1057;0,87;50,0;51,0;51,0
1059;0,87;50,0;51,0;51,0
1060;0,871;50,0;51,0;51,0
1061;0,872;50,0;51,0;51,0
1062;0,872;50,0;50,0;51,0
1064;0,873;50,0;50,0;53,0
1068;0,874;50,0;50,0;53,0
1069;0,874;50,0;50,0;53,0
1070;0,875;50,0;50,0;53,0
1073;0,875;50,0;50,0;53,0
1074;0,876;50,0;50,0;53,0
1079;0,878;50,0;50,0;53,0
1080;0,878;50,0;50,0;53,0
1081;0,879;50,0;50,0;53,0
1084;0,879;50,0;50,0;53,0
1085;0,88;50,0;50,0;53,0
1089;0,88;50,0;50,0;53,0
1090;0,881;50,0;51,0;53,0
1092;0,882;50,0;51,0;53,0
1093;0,882;50,0;51,0;53,0
1096;0,883;50,0;51,0;53,0
1097;0,884;50,0;51,0;53,0
1098;0,884;50,0;50,0;53,0
1100;0,885;50,0;50,0;53,0
1106;0,886;50,0;50,0;53,0
1107;0,887;50,0;50,0;53,0
1108;0,888;50,0;50,0;53,0
1117;0,895;50,0;50,0;53,0
1118;0,896;50,0;50,0;53,0
1120;0,896;50,0;50,0;53,0
1122;0,897;50,0;52,0;53,0
1132;0,899;50,0;52,0;53,0
1133;0,9;50,0;52,0;53,0
1134;0,9;50,0;52,0;53,0
1135;0,9;50,0;51,0;53,0
1136;0,901;50,0;51,0;53,0
1139;0,902;50,0;50,0;53,0
1140;0,903;49,0;50,0;50,0
1141;0,904;49,0;49,0;50,0
1147;0,905;49,0;49,0;50,0
1151;0,906;49,0;49,0;50,0
1153;0,907;49,0;49,0;50,0
1154;0,909;48,0;49,0;49,0
1159;0,911;47,0;48,0;48,0
1160;0,911;47,0;47,0;48,0
1169;0,913;47,0;47,0;48,0
1175;0,915;47,0;47,0;48,0
1181;0,918;46,0;47,0;47,0
1187;0,92;46,0;46,0;47,0
1188;0,92;46,0;46,0;47,0
1190;0,921;46,0;46,0;47,0
1195;0,922;46,0;46,0;47,0
1201;0,923;46,0;46,0;47,0
1205;0,924;46,0;46,0;47,0
1206;0,925;46,0;47,0;47,0
1207;0,925;46,0;47,0;47,0
1214;0,928;46,0;47,0;47,0
1218;0,929;46,0;47,0;47,0
1219;0,93;46,0;47,0;47,0
1221;0,93;46,0;47,0;47,0
1222;0,931;46,0;47,0;47,0
1226;0,932;46,0;47,0;47,0
1227;0,933;46,0;47,0;47,0
1228;0,933;46,0;47,0;47,0
1232;0,935;46,0;46,0;47,0
1233;0,935;46,0;46,0;47,0
1237;0,936;46,0;46,0;47,0
1238;0,937;45,0;46,0;46,0
1248;0,94;45,0;45,0;46,0
1256;0,942;45,0;45,0;46,0
1258;0,943;45,0;45,0;46,0
1259;0,944;45,0;45,0;46,0
1262;0,945;45,0;45,0;46,0
1263;0,945;45,0;46,0;46,0
1264;0,946;45,0;46,0;46,0
1268;0,947;45,0;46,0;46,0
1269;0,947;45,0;46,0;46,0
1271;0,948;45,0;46,0;46,0
1275;0,949;45,0;46,0;46,0
1278;0,95;45,0;45,0;46,0
1279;0,95;45,0;45,0;46,0
1280;0,95;45,0;45,0;46,0
1282;0,951;45,0;45,0;46,0
1283;0,951;45,0;45,0;46,0
1284;0,952;45,0;45,0;46,0
1286;0,952;45,0;45,0;46,0
1287;0,953;45,0;45,0;46,0
1288;0,953;45,0;45,0;46,0
1297;0,956;45,0;45,0;46,0
1298;0,956;45,0;45,0;46,0
1300;0,957;45,0;45,0;46,0
1301;0,958;45,0;45,0;46,0
1305;0,96;45,0;45,0;46,0
1306;0,96;45,0;45,0;46,0
1307;0,961;45,0;45,0;46,0
1309;0,961;45,0;45,0;46,0
1312;0,962;45,0;45,0;46,0
1314;0,963;45,0;46,0;46,0
1317;0,963;45,0;46,0;46,0
1320;0,964;45,0;46,0;46,0
1321;0,965;45,0;46,0;46,0
1324;0,966;45,0;46,0;46,0
1326;0,967;45,0;46,0;46,0
1329;0,968;45,0;46,0;46,0
1331;0,969;45,0;46,0;46,0
1336;0,97;45,0;46,0;46,0
1337;0,97;45,0;46,0;46,0
1340;0,972;45,0;46,0;46,0
1350;0,974;45,0;46,0;46,0
1351;0,975;45,0;46,0;46,0
1352;0,975;45,0;46,0;46,0
1354;0,976;45,0;46,0;46,0
1355;0,976;45,0;46,0;46,0
1357;0,977;45,0;46,0;46,0
1362;0,978;45,0;46,0;46,0
1364;0,979;45,0;46,0;46,0
1365;0,979;45,0;46,0;46,0
1368;0,98;45,0;46,0;46,0
1369;0,981;45,0;46,0;46,0
1371;0,981;45,0;46,0;46,0
1373;0,982;45,0;46,0;46,0
1375;0,983;45,0;46,0;46,0
1383;0,984;45,0;46,0;46,0
1387;0,985;45,0;46,0;47,0
1388;0,985;45,0;46,0;47,0
1392;0,986;45,0;47,0;47,0
1393;0,987;45,0;47,0;47,0
1396;0,988;45,0;47,0;47,0
1397;0,988;45,0;47,0;47,0
1401;0,989;45,0;47,0;47,0
1403;0,99;45,0;47,0;47,0
1404;0,991;45,0;47,0;47,0
1405;0,991;45,0;47,0;47,0
1408;0,992;45,0;47,0;47,0
1411;0,993;45,0;47,0;47,0
1416;0,995;45,0;47,0;47,0
1417;0,995;45,0;47,0;47,0
1419;0,995;45,0;47,0;47,0
1422;0,995;45,0;47,0;47,0
1423;0,996;45,0;47,0;47,0
1426;0,997;45,0;47,0;47,0
1436;0,999;45,0;47,0;47,0
1438;1,0;45,0;47,0;47,0
1441;1,001;45,0;47,0;47,0
1445;1,001;45,0;47,0;47,0
1447;1,002;45,0;47,0;47,0
1449;1,004;45,0;47,0;47,0
1454;1,006;45,0;47,0;47,0
1462;1,007;45,0;47,0;47,0
1465;1,008;45,0;47,0;47,0
1466;1,009;45,0;47,0;47,0
1469;1,01;45,0;47,0;47,0
1474;1,011;45,0;46,0;47,0
1480;1,012;45,0;46,0;47,0
1481;1,012;45,0;46,0;47,0
1483;1,055;45,0;46,0;47,0
1484;1,056;45,0;45,0;47,0
1497;1,058;45,0;45,0;47,0
1499;1,058;45,0;45,0;47,0
1500;1,059;45,0;45,0;47,0
1501;1,059;45,0;45,0;47,0
1503;1,06;45,0;45,0;47,0
1504;1,061;45,0;45,0;47,0
1507;1,062;45,0;45,0;47,0
1509;1,063;45,0;45,0;47,0
1510;1,064;45,0;45,0;47,0
1514;1,064;45,0;45,0;47,0
1515;1,064;45,0;45,0;47,0
1516;1,065;45,0;45,0;47,0
1517;1,065;45,0;45,0;47,0
1519;1,066;45,0;47,0;47,0
1527;1,067;45,0;47,0;47,0
1536;1,069;45,0;47,0;48,0
1537;1,07;45,0;47,0;48,0
1538;1,07;45,0;47,0;48,0
1542;1,071;45,0;47,0;48,0
1543;1,071;45,0;47,0;48,0
1544;1,072;45,0;47,0;48,0
1546;1,073;45,0;47,0;48,0
1547;1,073;45,0;47,0;48,0
1549;1,075;45,0;48,0;48,0
1552;1,076;45,0;48,0;48,0
1559;1,078;45,0;48,0;48,0
1560;1,078;45,0;47,0;48,0
1562;1,079;45,0;47,0;48,0
1563;1,08;45,0;47,0;48,0
1568;1,082;45,0;47,0;48,0
1569;1,082;45,0;47,0;48,0
1573;1,084;45,0;47,0;48,0
1577;1,085;45,0;47,0;48,0
1582;1,086;45,0;47,0;48,0
1583;1,086;45,0;47,0;48,0
1586;1,086;45,0;47,0;48,0
1588;1,087;45,0;46,0;48,0
1591;1,088;45,0;46,0;48,0
1597;1,089;45,0;46,0;48,0
1598;1,089;45,0;46,0;48,0
1603;1,091;45,0;46,0;48,0
1605;1,092;45,0;46,0;48,0
1606;1,093;45,0;46,0;48,0
1610;1,093;45,0;46,0;48,0
1611;1,093;45,0;46,0;48,0
1613;1,094;45,0;46,0;48,0
1614;1,094;45,0;46,0;48,0
1615;1,095;45,0;46,0;48,0
1617;1,096;45,0;46,0;48,0
1619;1,096;45,0;46,0;48,0
1621;1,097;45,0;46,0;48,0
1623;1,098;45,0;46,0;48,0
1624;1,098;45,0;48,0;48,0
1628;1,099;45,0;47,0;48,0
1629;1,099;45,0;47,0;48,0
1632;1,1;45,0;47,0;48,0
1633;1,101;45,0;47,0;48,0
1637;1,102;45,0;47,0;48,0
1639;1,102;45,0;47,0;48,0
1641;1,103;45,0;47,0;48,0
1642;1,103;45,0;47,0;48,0
1643;1,104;45,0;47,0;48,0
1645;1,105;45,0;47,0;48,0
1646;1,105;45,0;47,0;48,0
1648;1,106;45,0;47,0;48,0
1655;1,108;45,0;47,0;48,0
1656;1,108;45,0;47,0;48,0
1663;1,11;45,0;47,0;48,0
1664;1,11;45,0;48,0;48,0
1665;1,111;45,0;48,0;48,0
1673;1,112;45,0;48,0;48,0
1677;1,113;45,0;48,0;49,0
1678;1,114;45,0;45,0;49,0
1682;1,116;44,0;45,0;45,0
1685;1,117;44,0;44,0;45,0
1691;1,118;44,0;44,0;45,0
1693;1,118;44,0;44,0;45,0
1695;1,119;44,0;44,0;45,0
1696;1,12;44,0;44,0;45,0
1699;1,12;44,0;44,0;45,0
1701;1,121;44,0;44,0;45,0
1702;1,121;44,0;44,0;45,0
1704;1,122;44,0;44,0;45,0
1707;1,123;44,0;44,0;45,0
1708;1,123;44,0;44,0;45,0
1710;1,124;44,0;44,0;45,0
1716;1,126;44,0;44,0;45,0
1719;1,127;44,0;44,0;45,0
1720;1,128;44,0;44,0;45,0
1721;1,128;44,0;44,0;45,0
1725;1,129;44,0;44,0;45,0
1726;1,13;44,0;44,0;45,0
1727;1,13;44,0;44,0;45,0
1728;1,131;44,0;44,0;45,0
1730;1,132;44,0;44,0;45,0
1732;1,132;44,0;44,0;45,0
1735;1,133;44,0;44,0;45,0
1736;1,133;44,0;44,0;45,0
1737;1,133;44,0;44,0;45,0
1741;1,134;44,0;45,0;45,0
1746;1,135;44,0;44,0;45,0
1747;1,136;44,0;44,0;45,0
1761;1,138;44,0;44,0;45,0
1769;1,142;43,0;44,0;44,0
1773;1,144;42,0;43,0;43,0
1776;1,144;42,0;42,0;43,0
1779;1,145;42,0;42,0;43,0
1782;1,148;41,0;42,0;42,0
1784;1,148;41,0;41,0;42,0
1786;1,149;41,0;41,0;42,0
1787;1,149;41,0;41,0;42,0
1791;1,15;41,0;41,0;42,0
1792;1,151;41,0;41,0;42,0
1795;1,151;41,0;41,0;42,0
1797;1,152;41,0;41,0;42,0
1803;1,154;41,0;41,0;42,0
1804;1,155;41,0;41,0;42,0
1811;1,156;41,0;41,0;42,0
1813;1,157;41,0;41,0;42,0
1815;1,158;41,0;41,0;42,0
1816;1,158;41,0;41,0;42,0
1817;1,159;41,0;41,0;42,0
1820;1,159;41,0;41,0;42,0
1821;1,16;41,0;41,0;42,0
1825;1,161;41,0;42,0;42,0
1826;1,161;41,0;42,0;42,0
1828;1,161;41,0;42,0;42,0
1833;1,163;41,0;42,0;42,0
1837;1,164;41,0;42,0;42,0
1838;1,164;41,0;42,0;42,0
1839;1,165;41,0;42,0;42,0
1840;1,165;41,0;42,0;42,0
1845;1,167;41,0;42,0;42,0
1848;1,167;41,0;42,0;42,0
1849;1,168;41,0;42,0;42,0
1851;1,169;41,0;42,0;42,0
1852;1,169;41,0;42,0;42,0
1854;1,17;41,0;42,0;42,0
1855;1,171;41,0;42,0;42,0
1856;1,171;41,0;42,0;42,0
1866;1,173;41,0;42,0;42,0
1870;1,175;41,0;42,0;42,0
1874;1,176;41,0;42,0;42,0
1875;1,176;41,0;42,0;42,0
1876;1,177;41,0;42,0;42,0
1877;1,177;41,0;42,0;42,0
1879;1,178;41,0;42,0;42,0
1882;1,179;41,0;42,0;42,0
1883;1,18;41,0;42,0;42,0
1885;1,18;41,0;42,0;42,0
1886;1,181;41,0;42,0;42,0
1891;1,182;41,0;42,0;42,0
1892;1,183;41,0;42,0;42,0
1896;1,184;41,0;42,0;42,0
1899;1,185;41,0;42,0;42,0
1901;1,186;41,0;42,0;42,0
1907;1,188;41,0;42,0;42,0
1909;1,188;41,0;42,0;42,0
1910;1,189;41,0;42,0;42,0
1913;1,19;41,0;42,0;42,0
1914;1,19;41,0;42,0;42,0
1915;1,19;41,0;42,0;42,0
1916;1,192;41,0;42,0;42,0
1919;1,192;41,0;42,0;42,0
1921;1,193;41,0;42,0;42,0
1922;1,194;41,0;42,0;42,0
1929;1,195;41,0;42,0;42,0
1930;1,195;41,0;42,0;42,0
1935;1,197;41,0;42,0;42,0
1936;1,198;41,0;42,0;42,0
1937;1,198;41,0;42,0;42,0
1939;1,199;41,0;42,0;42,0
1940;1,2;41,0;42,0;42,0
1943;1,201;41,0;42,0;42,0
1945;1,202;41,0;42,0;42,0
1948;1,203;41,0;42,0;42,0
1950;1,203;41,0;42,0;42,0
1951;1,204;41,0;42,0;42,0
1954;1,205;41,0;42,0;42,0
1956;1,206;41,0;42,0;42,0
1957;1,207;41,0;42,0;42,0
1959;1,207;41,0;42,0;42,0
1964;1,211;41,0;42,0;43,0
1966;1,211;41,0;42,0;43,0
1970;1,212;41,0;43,0;43,0
1973;1,213;41,0;43,0;43,0
1976;1,214;41,0;43,0;43,0
1979;1,215;41,0;43,0;43,0
1986;1,217;41,0;43,0;43,0
1990;1,22;41,0;43,0;43,0
1991;1,22;41,0;43,0;43,0
1993;1,221;41,0;43,0;43,0
1995;1,222;41,0;43,0;43,0
1997;1,223;41,0;43,0;43,0
2000;1,224;41,0;43,0;43,0
2008;1,226;41,0;43,0;43,0
2011;1,227;41,0;43,0;43,0
2013;1,227;41,0;43,0;43,0
2015;1,228;41,0;43,0;43,0
2016;1,228;41,0;43,0;43,0
2017;1,228;41,0;43,0;43,0
2021;1,23;41,0;43,0;43,0
2022;1,231;41,0;42,0;43,0
2032;1,233;41,0;42,0;43,0
2035;1,234;41,0;42,0;43,0
2036;1,234;41,0;42,0;43,0
2039;1,235;41,0;42,0;43,0
2042;1,235;41,0;42,0;43,0
2043;1,236;41,0;42,0;43,0
2047;1,237;41,0;42,0;43,0
2055;1,238;41,0;42,0;43,0
2056;1,239;41,0;43,0;43,0
2058;1,24;41,0;43,0;43,0
2061;1,24;41,0;43,0;43,0
2064;1,241;41,0;42,0;43,0
2066;1,241;41,0;42,0;43,0
2069;1,242;41,0;41,0;43,0
2071;1,243;41,0;41,0;43,0
2072;1,244;41,0;41,0;43,0
2074;1,244;41,0;41,0;43,0
2077;1,245;41,0;41,0;43,0
2081;1,247;41,0;41,0;43,0
2084;1,248;41,0;41,0;43,0
2087;1,248;41,0;41,0;43,0
2089;1,249;41,0;41,0;43,0
2090;1,25;41,0;41,0;43,0
2092;1,25;41,0;41,0;43,0
2093;1,251;41,0;41,0;43,0
2094;1,251;41,0;41,0;43,0
2095;1,252;41,0;41,0;43,0
2097;1,253;41,0;41,0;43,0
2100;1,253;41,0;41,0;43,0
2101;1,254;41,0;41,0;43,0
2105;1,255;41,0;41,0;43,0
2106;1,255;41,0;42,0;43,0
2107;1,255;41,0;42,0;43,0
2108;1,256;41,0;42,0;43,0
2110;1,257;41,0;42,0;43,0
2114;1,258;41,0;42,0;43,0
2118;1,26;41,0;42,0;43,0
2124;1,261;41,0;42,0;44,0
2126;1,262;41,0;42,0;44,0
2127;1,262;41,0;42,0;44,0
2128;1,263;41,0;42,0;44,0
2129;1,263;41,0;42,0;44,0
2135;1,265;41,0;42,0;44,0
2136;1,265;41,0;42,0;44,0
2137;1,266;41,0;42,0;44,0
2138;1,266;41,0;42,0;44,0
2140;1,267;41,0;42,0;44,0
2141;1,267;41,0;42,0;44,0
2143;1,268;41,0;42,0;44,0
2145;1,269;41,0;42,0;44,0
2147;1,269;41,0;42,0;44,0
2156;1,27;41,0;43,0;44,0
2157;1,27;41,0;43,0;44,0
2158;1,27;41,0;43,0;44,0
2160;1,271;41,0;43,0;44,0
2163;1,272;41,0;43,0;44,0
2164;1,272;41,0;43,0;44,0
2165;1,272;41,0;43,0;44,0
2169;1,273;41,0;43,0;44,0
2170;1,274;41,0;43,0;44,0
2173;1,275;41,0;43,0;44,0
2177;1,276;41,0;43,0;44,0
2178;1,276;41,0;43,0;44,0
2179;1,277;41,0;43,0;44,0
2180;1,277;41,0;43,0;44,0
2184;1,279;41,0;43,0;44,0
2186;1,279;41,0;43,0;44,0
2192;1,28;41,0;44,0;44,0
2194;1,281;41,0;44,0;44,0
2198;1,281;41,0;44,0;44,0
2199;1,282;41,0;44,0;44,0
2202;1,283;41,0;44,0;44,0
2207;1,284;41,0;44,0;44,0
2214;1,285;41,0;44,0;44,0
2215;1,286;41,0;44,0;44,0
2216;1,286;41,0;44,0;44,0
2218;1,287;41,0;44,0;44,0
2219;1,287;41,0;44,0;44,0
2223;1,288;41,0;44,0;44,0
2227;1,288;41,0;43,0;44,0
2229;1,335;41,0;43,0;44,0
2232;1,337;41,0;41,0;44,0
2239;1,364;40,0;41,0;41,0
2240;1,409;40,0;40,0;41,0
2241;1,41;40,0;40,0;41,0
2243;1,41;40,0;40,0;41,0
2247;1,412;40,0;40,0;41,0
2249;1,413;40,0;40,0;41,0
2253;1,414;40,0;40,0;41,0
2255;1,415;40,0;40,0;41,0
2264;1,417;40,0;40,0;41,0
2265;1,417;40,0;40,0;41,0
2267;1,418;40,0;40,0;41,0
2269;1,419;40,0;40,0;41,0
2272;1,421;40,0;40,0;41,0
2273;1,421;40,0;40,0;41,0
2275;1,422;40,0;40,0;41,0
2276;1,422;40,0;40,0;41,0
2279;1,423;40,0;40,0;41,0
2280;1,423;40,0;40,0;41,0
2281;1,472;40,0;40,0;41,0
2282;1,473;40,0;40,0;41,0
2287;1,475;40,0;40,0;41,0
2288;1,477;40,0;41,0;41,0
2292;1,479;40,0;41,0;41,0
2293;1,48;40,0;41,0;41,0
2295;1,48;40,0;41,0;41,0
2298;1,481;40,0;41,0;41,0
2300;1,482;40,0;41,0;41,0
2301;1,482;40,0;41,0;41,0
2302;1,483;40,0;41,0;41,0
2303;1,483;40,0;41,0;41,0
2304;1,483;40,0;41,0;41,0
2306;1,484;40,0;41,0;41,0
2311;1,486;40,0;41,0;41,0
2314;1,487;40,0;41,0;41,0
2315;1,488;40,0;41,0;41,0
2316;1,488;40,0;40,0;41,0
2323;1,49;40,0;40,0;41,0
2324;1,49;40,0;40,0;41,0
2326;1,491;40,0;40,0;41,0
2327;1,491;40,0;40,0;41,0
2330;1,492;40,0;40,0;41,0
2331;1,492;40,0;40,0;41,0
2335;1,535;39,0;40,0;40,0
2338;1,535;39,0;39,0;40,0
2343;1,537;39,0;39,0;40,0
2345;1,538;39,0;39,0;40,0
2347;1,538;39,0;39,0;40,0
2353;1,54;39,0;39,0;40,0
2354;1,54;39,0;39,0;40,0
2362;1,541;39,0;39,0;40,0
2366;1,543;39,0;39,0;40,0
2369;1,545;39,0;39,0;40,0
2370;1,545;39,0;39,0;40,0
2372;1,546;39,0;39,0;40,0
2373;1,546;39,0;39,0;40,0
2375;1,548;39,0;39,0;40,0
2376;1,609;39,0;39,0;40,0
2379;1,61;39,0;39,0;40,0
2382;1,612;39,0;39,0;40,0
2386;1,613;39,0;39,0;40,0
2387;1,613;39,0;39,0;40,0
2388;1,613;39,0;39,0;40,0
2390;1,658;38,0;40,0;39,0
2391;1,658;38,0;38,0;39,0
2393;1,658;38,0;38,0;39,0
2394;1,659;38,0;38,0;39,0
2399;1,661;38,0;38,0;39,0
2401;1,661;38,0;38,0;39,0
2402;1,661;38,0;38,0;39,0
2406;1,705;38,0;38,0;39,0
2408;1,705;38,0;38,0;39,0
2411;1,728;38,0;38,0;39,0
2412;1,729;38,0;38,0;39,0
2413;1,75;38,0;38,0;39,0
2414;1,75;38,0;38,0;39,0
2420;1,755;38,0;38,0;39,0
2424;1,761;38,0;38,0;39,0
2425;1,761;38,0;38,0;39,0
2427;1,803;38,0;38,0;39,0
2431;1,826;38,0;38,0;39,0
2433;1,827;38,0;38,0;39,0
2437;1,829;38,0;38,0;39,0
2438;1,83;38,0;38,0;39,0
2440;1,83;38,0;38,0;39,0
2443;1,831;38,0;39,0;39,0
2444;1,832;38,0;39,0;39,0
2448;1,834;38,0;39,0;39,0
2450;1,836;38,0;38,0;39,0
2454;1,837;38,0;38,0;39,0
2458;1,88;38,0;38,0;39,0
2461;1,921;38,0;38,0;39,0
2469;1,946;38,0;38,0;39,0
2470;1,969;38,0;38,0;39,0
2474;1,99;38,0;38,0;39,0
2475;1,993;38,0;38,0;39,0
2477;2,018;38,0;38,0;39,0
2479;2,062;38,0;38,0;39,0
2490;2,091;38,0;38,0;39,0
2493;2,094;38,0;38,0;39,0
2499;2,16;38,0;39,0;39,0
2500;2,161;38,0;38,0;39,0
2501;2,162;38,0;38,0;39,0
2503;2,163;38,0;38,0;39,0
2505;2,164;38,0;38,0;39,0
2507;2,164;38,0;38,0;39,0
2509;2,165;38,0;38,0;39,0
2510;2,165;38,0;38,0;39,0
2511;2,166;38,0;38,0;39,0
2524;2,169;38,0;38,0;39,0
2527;2,169;38,0;38,0;39,0
2529;2,17;38,0;38,0;39,0
2532;2,17;38,0;38,0;39,0
2534;2,171;38,0;38,0;39,0
2537;2,171;38,0;38,0;39,0
2538;2,172;38,0;38,0;39,0
2541;2,173;38,0;38,0;39,0
2545;2,174;38,0;38,0;39,0
2548;2,174;38,0;38,0;39,0
2551;2,175;38,0;39,0;39,0
2553;2,176;38,0;39,0;39,0
2564;2,178;38,0;38,0;39,0
2568;2,18;38,0;38,0;39,0
2569;2,18;38,0;38,0;39,0
2571;2,181;38,0;38,0;39,0
2572;2,182;38,0;38,0;39,0
2574;2,183;38,0;38,0;39,0
2575;2,183;38,0;38,0;39,0
2590;2,186;38,0;38,0;39,0
2591;2,187;38,0;38,0;39,0
2592;2,187;38,0;38,0;39,0
2593;2,188;38,0;38,0;39,0
2595;2,188;38,0;38,0;39,0
2603;2,191;38,0;39,0;40,0
2605;2,191;38,0;39,0;40,0
2609;2,193;38,0;39,0;40,0
2611;2,193;38,0;39,0;40,0
2612;2,194;38,0;39,0;40,0
2613;2,195;38,0;39,0;40,0
2614;2,195;38,0;39,0;40,0
2615;2,196;38,0;39,0;40,0
2617;2,197;38,0;39,0;40,0
2619;2,198;38,0;39,0;40,0
2622;2,199;38,0;39,0;40,0
2623;2,2;38,0;39,0;40,0
2628;2,202;38,0;39,0;40,0
2630;2,203;38,0;39,0;40,0
2631;2,204;38,0;39,0;40,0
2634;2,204;38,0;39,0;40,0
2635;2,205;38,0;39,0;40,0
2637;2,205;38,0;39,0;40,0
2640;2,206;38,0;39,0;40,0
2641;2,206;38,0;39,0;40,0
2642;2,207;38,0;39,0;40,0
2643;2,208;38,0;39,0;40,0
2644;2,208;38,0;39,0;40,0
2649;2,209;38,0;39,0;40,0
2652;2,21;38,0;39,0;40,0
2654;2,211;38,0;39,0;40,0
2656;2,212;38,0;39,0;40,0
2657;2,212;38,0;39,0;40,0
2659;2,213;38,0;39,0;40,0
2662;2,214;38,0;39,0;40,0
2663;2,214;38,0;40,0;40,0
2664;2,215;38,0;40,0;40,0
2665;2,215;38,0;40,0;40,0
2666;2,216;38,0;40,0;40,0
2670;2,217;38,0;40,0;40,0
2672;2,218;38,0;40,0;40,0
2675;2,22;38,0;40,0;40,0
2677;2,221;38,0;40,0;40,0
2678;2,221;38,0;40,0;40,0
2679;2,222;38,0;40,0;40,0
2680;2,223;38,0;40,0;40,0
2683;2,224;38,0;40,0;40,0
2688;2,225;38,0;40,0;40,0
2692;2,226;38,0;40,0;40,0
2694;2,227;38,0;40,0;40,0
2697;2,228;38,0;40,0;40,0
2699;2,229;38,0;40,0;40,0
2705;2,231;38,0;40,0;40,0
2708;2,232;38,0;40,0;40,0
2709;2,232;38,0;40,0;40,0
2710;2,233;38,0;40,0;40,0
2713;2,234;38,0;40,0;40,0
2714;2,235;38,0;40,0;40,0
2716;2,235;38,0;40,0;40,0
2718;2,236;38,0;40,0;40,0
2719;2,236;38,0;40,0;40,0
2720;2,237;38,0;40,0;40,0
2721;2,237;38,0;40,0;40,0
2725;2,239;38,0;40,0;40,0
2727;2,239;38,0;40,0;40,0
2733;2,241;38,0;39,0;40,0
2740;2,243;38,0;39,0;40,0
2743;2,244;38,0;39,0;40,0
2752;2,247;38,0;39,0;40,0
2756;2,248;38,0;39,0;40,0
2760;2,249;38,0;39,0;40,0
2761;2,25;38,0;39,0;40,0
2762;2,25;38,0;39,0;40,0
2763;2,251;38,0;39,0;40,0
2764;2,252;38,0;39,0;40,0
2765;2,252;38,0;39,0;40,0
2766;2,253;38,0;39,0;40,0
2767;2,253;38,0;39,0;40,0
2768;2,254;38,0;39,0;40,0
2769;2,255;38,0;39,0;40,0
2771;2,255;38,0;39,0;40,0
2772;2,256;38,0;39,0;40,0
2775;2,257;38,0;39,0;40,0
2776;2,257;38,0;40,0;40,0
2781;2,258;38,0;40,0;40,0
2783;2,259;38,0;40,0;40,0
2784;2,26;38,0;40,0;40,0
2786;2,26;38,0;40,0;40,0
2789;2,261;38,0;39,0;40,0
2791;2,262;38,0;39,0;40,0
2792;2,262;38,0;39,0;40,0
2801;2,265;38,0;39,0;40,0
2803;2,265;38,0;39,0;40,0
2804;2,266;38,0;39,0;40,0
2806;2,267;38,0;39,0;40,0
2811;2,268;38,0;39,0;40,0
2814;2,269;38,0;39,0;40,0
2815;2,27;38,0;39,0;40,0
2816;2,271;38,0;39,0;40,0
2817;2,271;38,0;39,0;40,0
2821;2,272;38,0;39,0;40,0
2822;2,273;38,0;39,0;40,0
2828;2,275;38,0;39,0;40,0
2830;2,276;38,0;39,0;40,0
2832;2,276;38,0;39,0;40,0
2833;2,277;38,0;39,0;40,0
2836;2,277;38,0;39,0;40,0
2839;2,278;38,0;39,0;40,0
2841;2,279;38,0;39,0;40,0
2843;2,28;38,0;40,0;40,0
2845;2,28;38,0;40,0;40,0
2846;2,28;38,0;39,0;40,0
2847;2,281;38,0;39,0;40,0
2849;2,282;38,0;39,0;40,0
2851;2,283;38,0;38,0;40,0
2853;2,284;38,0;38,0;41,0
2854;2,284;38,0;38,0;41,0
2855;2,285;38,0;38,0;41,0
2856;2,285;38,0;38,0;41,0
2857;2,286;38,0;38,0;41,0
2858;2,287;38,0;38,0;41,0
2862;2,288;38,0;38,0;41,0
2863;2,289;38,0;38,0;41,0
2865;2,289;38,0;38,0;41,0
2868;2,29;38,0;38,0;41,0
2869;2,29;38,0;38,0;41,0
2870;2,291;38,0;38,0;41,0
2871;2,292;38,0;38,0;41,0
2872;2,292;38,0;38,0;41,0
2873;2,293;38,0;38,0;41,0
2874;2,293;38,0;38,0;41,0
2875;2,294;38,0;38,0;41,0
2879;2,295;38,0;38,0;41,0
2881;2,296;38,0;38,0;41,0
2882;2,3;37,0;38,0;38,0
2885;2,302;37,0;37,0;38,0
2887;2,302;37,0;37,0;38,0
2888;2,303;37,0;37,0;38,0
2894;2,305;37,0;37,0;38,0
2895;2,306;37,0;37,0;38,0
2897;2,307;37,0;37,0;38,0
2898;2,307;37,0;37,0;38,0
2900;2,307;37,0;37,0;38,0
2902;2,308;37,0;37,0;38,0
2904;2,309;37,0;37,0;38,0
2908;2,31;37,0;37,0;38,0
2909;2,31;37,0;37,0;38,0
2911;2,311;37,0;37,0;38,0
2912;2,312;37,0;37,0;38,0
2916;2,313;37,0;37,0;38,0
2917;2,313;37,0;37,0;38,0
2920;2,314;37,0;37,0;38,0
2922;2,314;37,0;37,0;38,0
2923;2,315;37,0;37,0;38,0
2927;2,316;37,0;37,0;38,0
2928;2,316;37,0;37,0;38,0
2929;2,317;37,0;37,0;38,0
2932;2,318;37,0;37,0;38,0
2938;2,32;37,0;37,0;38,0
2941;2,322;37,0;37,0;38,0
2944;2,322;37,0;37,0;38,0
2945;2,323;37,0;38,0;38,0
2946;2,323;37,0;38,0;38,0
2948;2,324;37,0;37,0;38,0
2949;2,325;37,0;37,0;38,0
2951;2,326;37,0;37,0;38,0
2953;2,326;37,0;37,0;38,0
2954;2,327;37,0;37,0;38,0
2956;2,328;37,0;37,0;38,0
2957;2,328;37,0;37,0;38,0
2960;2,329;37,0;37,0;38,0
2961;2,33;37,0;37,0;38,0
2966;2,332;37,0;37,0;38,0
2971;2,334;37,0;37,0;38,0
2974;2,335;37,0;37,0;38,0
2976;2,337;37,0;37,0;38,0
2978;2,338;37,0;37,0;38,0
2979;2,338;37,0;37,0;38,0
2980;2,339;37,0;37,0;38,0
2986;2,341;37,0;37,0;38,0
2988;2,342;37,0;37,0;38,0
2989;2,343;37,0;37,0;38,0
2990;2,343;37,0;37,0;38,0
2992;2,344;37,0;37,0;38,0
2994;2,344;37,0;37,0;38,0
2997;2,346;37,0;37,0;38,0
2998;2,346;37,0;37,0;38,0
3005;2,348;37,0;37,0;38,0
3007;2,349;37,0;38,0;38,0
3008;2,349;37,0;38,0;38,0
3014;2,351;37,0;38,0;38,0
3018;2,353;37,0;38,0;38,0
3020;2,353;37,0;37,0;38,0
3021;2,354;37,0;37,0;38,0
3022;2,354;37,0;37,0;38,0
3025;2,356;37,0;37,0;38,0
3028;2,357;37,0;37,0;38,0
3029;2,358;37,0;37,0;38,0
3032;2,359;37,0;37,0;38,0
3035;2,36;37,0;37,0;38,0
3037;2,36;37,0;37,0;38,0
3039;2,362;37,0;37,0;38,0
3040;2,362;37,0;37,0;38,0
3042;2,363;37,0;37,0;38,0
3043;2,364;37,0;37,0;38,0
3046;2,364;37,0;37,0;38,0
3052;2,366;37,0;37,0;38,0
3055;2,367;37,0;37,0;38,0
3059;2,369;37,0;37,0;38,0
3061;2,369;37,0;37,0;38,0
3067;2,371;37,0;37,0;38,0
3070;2,372;37,0;37,0;38,0
3073;2,373;37,0;37,0;38,0
3075;2,374;37,0;37,0;38,0
3076;2,374;37,0;37,0;38,0
3077;2,375;37,0;37,0;38,0
3078;2,375;37,0;37,0;38,0
3080;2,377;37,0;37,0;38,0
3084;2,378;37,0;37,0;38,0
3085;2,378;37,0;37,0;38,0
3087;2,379;37,0;37,0;38,0
3088;2,38;37,0;37,0;38,0
3091;2,382;37,0;37,0;38,0
3092;2,382;37,0;37,0;38,0
3093;2,383;37,0;37,0;38,0
3094;2,384;37,0;37,0;38,0
3100;2,385;37,0;38,0;38,0
3102;2,386;37,0;38,0;38,0
3103;2,387;37,0;38,0;38,0
3105;2,388;37,0;38,0;38,0
3106;2,388;37,0;38,0;38,0
3108;2,389;37,0;38,0;38,0
3110;2,39;37,0;38,0;38,0
3111;2,39;37,0;38,0;38,0
3112;2,39;37,0;38,0;38,0
3113;2,391;37,0;38,0;38,0
3115;2,392;37,0;38,0;38,0
3119;2,395;37,0;38,0;38,0
3121;2,395;37,0;37,0;38,0
3122;2,396;37,0;37,0;38,0
3124;2,396;37,0;37,0;38,0
3128;2,398;37,0;37,0;38,0
3132;2,399;37,0;37,0;38,0
3139;2,4;37,0;37,0;38,0
3141;2,401;37,0;37,0;38,0
3142;2,402;37,0;37,0;38,0
3143;2,402;37,0;37,0;38,0
3144;2,402;37,0;37,0;38,0
3147;2,403;37,0;37,0;38,0
3148;2,403;37,0;37,0;38,0
3149;2,403;37,0;37,0;38,0
3155;2,405;37,0;37,0;38,0
3157;2,406;37,0;37,0;38,0
3160;2,406;37,0;37,0;38,0
3161;2,406;37,0;37,0;38,0
3162;2,407;37,0;37,0;38,0
3163;2,408;37,0;37,0;38,0
3164;2,408;37,0;37,0;38,0
3166;2,409;37,0;37,0;38,0
3167;2,409;37,0;37,0;38,0
3172;2,41;37,0;37,0;38,0
3173;2,41;37,0;37,0;38,0
3175;2,41;37,0;37,0;38,0
3176;2,411;37,0;37,0;38,0
3178;2,413;36,0;37,0;37,0
3184;2,416;35,0;36,0;36,0
3188;2,417;35,0;35,0;36,0
3190;2,418;35,0;35,0;36,0
3192;2,418;35,0;35,0;36,0
3199;2,42;35,0;35,0;36,0
3201;2,421;35,0;35,0;36,0
3204;2,422;35,0;35,0;36,0
3205;2,423;35,0;35,0;36,0
3207;2,424;35,0;35,0;36,0
3209;2,424;35,0;35,0;36,0
3214;2,425;35,0;35,0;36,0
3216;2,426;35,0;35,0;36,0
3217;2,427;35,0;35,0;36,0
3220;2,427;35,0;35,0;36,0
3221;2,428;35,0;35,0;36,0
3225;2,429;35,0;35,0;36,0
3227;2,43;35,0;35,0;36,0
3229;2,431;35,0;35,0;36,0
3232;2,431;35,0;35,0;36,0
3234;2,432;35,0;35,0;36,0
3237;2,433;35,0;35,0;36,0
3238;2,433;35,0;35,0;36,0
3239;2,434;35,0;35,0;36,0
3241;2,435;35,0;35,0;36,0
3242;2,435;35,0;35,0;36,0
3244;2,435;35,0;35,0;36,0
3245;2,436;35,0;36,0;36,0
3248;2,437;35,0;36,0;36,0
3249;2,437;35,0;36,0;36,0
3250;2,437;35,0;36,0;36,0
3252;2,438;35,0;36,0;36,0
3253;2,439;35,0;36,0;36,0
3255;2,44;35,0;36,0;36,0
3256;2,44;35,0;36,0;36,0
3261;2,441;35,0;36,0;36,0
3262;2,441;35,0;36,0;36,0
3272;2,443;35,0;36,0;36,0
3273;2,444;35,0;36,0;36,0
3275;2,444;35,0;36,0;36,0
3277;2,444;35,0;36,0;36,0
3282;2,445;35,0;36,0;36,0
3283;2,445;35,0;36,0;36,0
3286;2,446;35,0;36,0;36,0
3290;2,447;35,0;36,0;36,0
3291;2,447;35,0;36,0;36,0
3292;2,448;35,0;36,0;36,0
3297;2,449;35,0;36,0;36,0
3298;2,449;35,0;35,0;36,0
3300;2,45;35,0;35,0;36,0
3301;2,451;35,0;35,0;36,0
3304;2,452;35,0;35,0;36,0
3305;2,452;35,0;35,0;36,0
3306;2,455;34,0;35,0;35,0
3308;2,455;34,0;34,0;35,0
3309;2,456;34,0;34,0;35,0
3312;2,456;34,0;34,0;35,0
3313;2,457;34,0;34,0;35,0
3316;2,458;34,0;34,0;35,0
3318;2,459;34,0;34,0;35,0
3319;2,459;34,0;34,0;35,0
3320;2,459;34,0;34,0;35,0
3324;2,46;34,0;34,0;35,0
3326;2,461;34,0;34,0;35,0
3329;2,462;34,0;34,0;35,0
3330;2,462;34,0;34,0;35,0
3334;2,464;34,0;34,0;35,0
3336;2,464;34,0;34,0;35,0
3338;2,465;34,0;34,0;35,0
3342;2,467;34,0;34,0;35,0
3344;2,467;34,0;34,0;35,0
3346;2,468;34,0;34,0;35,0
3357;2,469;34,0;34,0;35,0
3359;2,47;34,0;34,0;35,0
3362;2,47;34,0;34,0;35,0
3364;2,471;34,0;34,0;35,0
3365;2,471;34,0;34,0;35,0
3370;2,472;34,0;34,0;35,0
3371;2,473;34,0;35,0;35,0
3374;2,473;34,0;35,0;35,0
3376;2,474;34,0;35,0;35,0
3377;2,475;34,0;35,0;35,0
3379;2,475;34,0;35,0;35,0
3380;2,476;34,0;35,0;35,0
3381;2,476;34,0;35,0;35,0
3382;2,477;34,0;35,0;35,0
3383;2,477;34,0;34,0;35,0
3386;2,48;33,0;34,0;34,0
3393;2,481;33,0;33,0;34,0
3396;2,481;33,0;33,0;34,0
3401;2,483;33,0;33,0;34,0
3402;2,484;33,0;33,0;34,0
3405;2,485;33,0;33,0;34,0
3407;2,485;33,0;33,0;34,0
3408;2,486;33,0;33,0;34,0
3411;2,487;33,0;33,0;34,0
3417;2,487;33,0;33,0;34,0
3419;2,488;33,0;33,0;34,0
3420;2,489;33,0;33,0;34,0
3421;2,489;33,0;33,0;34,0
3423;2,49;33,0;33,0;34,0
3429;2,491;33,0;33,0;34,0
3430;2,492;33,0;33,0;34,0
3435;2,494;33,0;33,0;34,0
3436;2,494;33,0;33,0;34,0
3437;2,495;33,0;33,0;34,0
3438;2,496;33,0;33,0;34,0
3441;2,497;33,0;33,0;34,0
3443;2,498;33,0;33,0;34,0
3444;2,498;33,0;33,0;34,0
3445;2,5;33,0;33,0;34,0
3446;2,5;33,0;33,0;34,0
3447;2,501;33,0;33,0;34,0
3449;2,501;33,0;33,0;34,0
3451;2,502;33,0;33,0;34,0
3452;2,502;33,0;33,0;34,0
3453;2,503;33,0;33,0;34,0
3454;2,504;33,0;33,0;34,0
3456;2,504;33,0;33,0;34,0
3460;2,505;33,0;33,0;34,0
3461;2,505;33,0;33,0;34,0
3464;2,507;33,0;34,0;34,0
3465;2,507;33,0;34,0;34,0
3466;2,508;33,0;34,0;34,0
3468;2,509;33,0;34,0;34,0
3470;2,51;33,0;34,0;34,0
3471;2,511;33,0;34,0;34,0
3473;2,511;33,0;34,0;34,0
3475;2,513;33,0;34,0;34,0
3481;2,514;33,0;33,0;34,0
3483;2,515;33,0;33,0;34,0
3486;2,516;33,0;33,0;34,0
3489;2,516;33,0;33,0;34,0
3495;2,518;33,0;33,0;34,0
3497;2,518;33,0;33,0;34,0
3498;2,519;33,0;33,0;34,0
3500;2,52;33,0;33,0;34,0
3501;2,52;33,0;33,0;34,0
3506;2,521;33,0;33,0;34,0
3507;2,521;33,0;33,0;34,0
3510;2,522;33,0;33,0;34,0
3512;2,523;33,0;33,0;34,0
3513;2,523;33,0;33,0;34,0
3514;2,523;33,0;33,0;34,0
3516;2,524;33,0;33,0;34,0
3517;2,524;33,0;33,0;34,0
3518;2,525;33,0;33,0;34,0
3530;2,527;33,0;33,0;34,0
3531;2,527;33,0;33,0;34,0
3532;2,528;33,0;33,0;34,0
3534;2,528;33,0;33,0;34,0
3535;2,529;33,0;33,0;34,0
3538;2,53;33,0;33,0;34,0
3542;2,531;33,0;33,0;34,0
3543;2,532;33,0;33,0;34,0
3545;2,532;33,0;33,0;34,0
3546;2,533;33,0;33,0;34,0
3551;2,534;33,0;34,0;34,0
3555;2,535;33,0;34,0;34,0
3556;2,535;33,0;34,0;34,0
3557;2,536;33,0;34,0;34,0
3558;2,537;33,0;34,0;34,0
3559;2,537;33,0;34,0;34,0
3563;2,538;33,0;34,0;34,0
3565;2,539;33,0;34,0;34,0
3567;2,539;33,0;34,0;34,0
3568;2,539;33,0;34,0;34,0
3574;2,541;33,0;33,0;34,0
3577;2,542;33,0;33,0;34,0
3580;2,542;33,0;33,0;34,0
3581;2,543;33,0;33,0;34,0
3583;2,544;33,0;33,0;34,0
3586;2,545;33,0;33,0;34,0
3588;2,546;33,0;33,0;34,0
3590;2,546;33,0;33,0;34,0
3592;2,547;33,0;33,0;34,0
3594;2,548;33,0;33,0;34,0
3600;2,55;33,0;33,0;34,0
3602;2,551;33,0;33,0;34,0
3603;2,551;33,0;33,0;34,0
3604;2,552;33,0;33,0;34,0
3606;2,553;33,0;33,0;34,0
3608;2,553;33,0;33,0;34,0
3612;2,554;33,0;33,0;34,0
3613;2,555;33,0;33,0;34,0
3614;2,555;33,0;33,0;34,0
3617;2,557;33,0;33,0;34,0
3619;2,557;33,0;33,0;34,0
3621;2,558;33,0;33,0;34,0
3622;2,559;33,0;33,0;34,0
3623;2,56;33,0;33,0;34,0
3625;2,56;33,0;33,0;34,0
3627;2,561;33,0;33,0;34,0
3631;2,562;33,0;33,0;34,0
3633;2,562;33,0;33,0;34,0
3634;2,563;33,0;33,0;34,0
3637;2,564;33,0;33,0;34,0
3641;2,564;33,0;33,0;34,0
3642;2,565;33,0;34,0;34,0
3645;2,565;33,0;34,0;34,0
3646;2,566;33,0;34,0;34,0
3653;2,568;33,0;33,0;34,0
3655;2,568;33,0;33,0;34,0
3656;2,569;33,0;33,0;34,0
3661;2,57;33,0;33,0;34,0
3664;2,57;33,0;33,0;34,0
3666;2,572;33,0;33,0;34,0
3667;2,572;33,0;33,0;34,0
3672;2,574;33,0;33,0;34,0
3675;2,575;33,0;33,0;34,0
3678;2,575;33,0;33,0;34,0
3683;2,576;33,0;33,0;34,0
3685;2,577;33,0;33,0;34,0
3686;2,577;33,0;33,0;34,0
3689;2,578;33,0;33,0;34,0
3691;2,579;33,0;33,0;34,0
3693;2,579;33,0;33,0;34,0
3695;2,579;33,0;33,0;34,0
3697;2,58;33,0;33,0;34,0
3702;2,581;33,0;33,0;34,0
3705;2,582;33,0;33,0;34,0
3708;2,583;33,0;33,0;34,0
3712;2,584;33,0;33,0;34,0
3714;2,584;33,0;33,0;34,0
3715;2,584;33,0;33,0;34,0
3716;2,585;33,0;34,0;34,0
3717;2,585;33,0;34,0;34,0
3718;2,586;33,0;34,0;34,0
3724;2,587;33,0;34,0;34,0
3725;2,588;33,0;34,0;34,0
3727;2,588;33,0;34,0;34,0
3728;2,589;33,0;34,0;34,0
3729;2,589;33,0;34,0;34,0
3734;2,59;33,0;34,0;35,0
3735;2,591;33,0;34,0;35,0
3736;2,592;33,0;34,0;35,0
3741;2,593;33,0;34,0;35,0
3743;2,594;33,0;34,0;35,0
3748;2,595;33,0;34,0;35,0
3749;2,595;33,0;34,0;35,0
3751;2,596;33,0;34,0;35,0
3755;2,597;33,0;34,0;35,0
3760;2,598;33,0;34,0;35,0
3762;2,599;33,0;34,0;35,0
3763;2,599;33,0;34,0;35,0
3764;2,6;33,0;34,0;35,0
3765;2,601;33,0;34,0;35,0
3768;2,602;33,0;34,0;35,0
3770;2,602;33,0;34,0;35,0
3771;2,603;33,0;34,0;35,0
3773;2,604;33,0;34,0;35,0
3775;2,604;33,0;34,0;35,0
3776;2,606;33,0;34,0;35,0
3777;2,606;33,0;34,0;35,0
3780;2,607;33,0;34,0;35,0
3784;2,608;33,0;34,0;35,0
3786;2,608;33,0;34,0;35,0
3787;2,609;33,0;34,0;35,0
3791;2,61;33,0;34,0;35,0
3794;2,611;33,0;35,0;35,0
3801;2,612;33,0;35,0;35,0
3803;2,614;33,0;35,0;35,0
3805;2,614;33,0;34,0;35,0
3806;2,615;33,0;34,0;35,0
3807;2,615;33,0;34,0;35,0
3808;2,616;33,0;34,0;35,0
3809;2,616;33,0;34,0;35,0
3813;2,617;33,0;34,0;35,0
3815;2,617;33,0;34,0;35,0
3817;2,618;33,0;34,0;35,0
3820;2,619;33,0;34,0;35,0
3821;2,619;33,0;34,0;35,0
3823;2,621;33,0;34,0;35,0
3829;2,622;33,0;34,0;35,0
3831;2,623;33,0;34,0;35,0
3832;2,623;33,0;34,0;35,0
3834;2,624;33,0;34,0;35,0
3835;2,624;33,0;34,0;35,0
3838;2,625;33,0;34,0;35,0
3839;2,626;33,0;34,0;35,0
3844;2,628;33,0;33,0;35,0
3846;2,629;33,0;33,0;35,0
3849;2,632;32,0;33,0;33,0
3850;2,633;32,0;32,0;33,0
3855;2,634;32,0;32,0;33,0
3856;2,634;32,0;32,0;33,0
3857;2,634;32,0;32,0;33,0
3859;2,635;32,0;32,0;33,0
3860;2,636;32,0;32,0;33,0
3866;2,637;32,0;32,0;33,0
3868;2,638;32,0;32,0;33,0
3877;2,64;32,0;32,0;33,0
3880;2,641;32,0;32,0;33,0
3882;2,641;32,0;32,0;33,0
3886;2,642;32,0;32,0;33,0
3889;2,643;32,0;32,0;33,0
3891;2,643;32,0;32,0;33,0
3892;2,644;32,0;32,0;33,0
3895;2,645;32,0;32,0;33,0
3896;2,646;32,0;32,0;33,0
3897;2,647;32,0;32,0;33,0
3898;2,647;32,0;32,0;33,0
3901;2,648;32,0;32,0;33,0
3904;2,648;32,0;32,0;33,0
3909;2,65;32,0;32,0;33,0
3913;2,652;32,0;32,0;33,0
3914;2,652;32,0;32,0;33,0
3918;2,653;32,0;32,0;33,0
3919;2,654;32,0;32,0;33,0
3920;2,655;32,0;32,0;33,0
3922;2,701;31,0;32,0;32,0
3923;2,702;31,0;31,0;32,0
3925;2,703;31,0;31,0;32,0
3926;2,703;31,0;31,0;32,0
3927;2,703;31,0;31,0;32,0
3930;2,704;31,0;31,0;32,0
3932;2,705;31,0;31,0;32,0
3933;2,705;31,0;31,0;32,0
3936;2,707;31,0;31,0;32,0
3938;2,708;31,0;31,0;32,0
3942;2,709;31,0;31,0;32,0
3943;2,709;31,0;31,0;32,0
3945;2,71;31,0;31,0;32,0
3949;2,755;31,0;31,0;32,0
3952;2,756;31,0;31,0;32,0
3953;2,757;31,0;31,0;32,0
3954;2,799;31,0;31,0;32,0
3955;2,8;31,0;31,0;32,0
3956;2,8;31,0;31,0;32,0
3957;2,8;31,0;31,0;32,0
3960;2,801;31,0;31,0;32,0
3962;2,801;31,0;31,0;32,0
3963;2,802;31,0;31,0;32,0
3968;2,847;31,0;31,0;32,0
3972;2,848;31,0;31,0;32,0
3977;2,934;31,0;31,0;32,0
3978;2,935;31,0;31,0;32,0
3980;2,936;31,0;31,0;32,0
3990;2,941;31,0;31,0;32,0
3991;2,942;31,0;31,0;32,0
3992;2,943;31,0;31,0;32,0
3993;2,943;31,0;31,0;32,0
3994;2,985;30,0;31,0;31,0
3996;3,078;29,0;30,0;30,0
3998;3,082;29,0;29,0;30,0
4000;3,084;29,0;29,0;30,0
4012;3,086;29,0;29,0;30,0
4014;3,086;29,0;29,0;30,0
4042;3,09;29,0;29,0;30,0
4043;3,09;29,0;29,0;30,0
4044;3,09;29,0;29,0;30,0
4045;3,09;29,0;30,0;30,0
4046;3,091;29,0;30,0;30,0
4047;3,091;29,0;30,0;30,0
4056;3,093;29,0;30,0;30,0
4057;3,093;29,0;30,0;30,0
4070;3,095;29,0;30,0;30,0
4073;3,096;29,0;30,0;30,0
4084;3,097;29,0;30,0;30,0
4093;3,1;29,0;29,0;30,0
4094;3,1;29,0;29,0;30,0
4102;3,102;29,0;29,0;30,0
4110;3,104;29,0;29,0;30,0
4113;3,105;29,0;29,0;30,0
4115;3,105;29,0;29,0;30,0
4121;3,106;29,0;29,0;30,0
4128;3,108;29,0;29,0;30,0
4129;3,109;29,0;29,0;30,0
4134;3,11;29,0;29,0;30,0
4139;3,111;29,0;29,0;30,0
4149;3,113;29,0;30,0;30,0
4151;3,113;29,0;30,0;30,0
4152;3,113;29,0;30,0;30,0
4157;3,115;29,0;30,0;30,0
4160;3,115;29,0;30,0;30,0
4169;3,117;29,0;30,0;30,0
4172;3,117;29,0;30,0;30,0
4173;3,118;29,0;30,0;30,0
4178;3,118;29,0;30,0;30,0
4182;3,119;29,0;30,0;30,0
4190;3,12;29,0;29,0;30,0
4196;3,122;29,0;29,0;30,0
4198;3,122;29,0;29,0;30,0
4200;3,123;29,0;29,0;30,0
4205;3,124;29,0;29,0;30,0
4206;3,125;29,0;29,0;30,0
4211;3,126;29,0;29,0;30,0
4212;3,127;29,0;29,0;30,0
4219;3,128;29,0;29,0;30,0
4231;3,13;29,0;29,0;30,0
4234;3,13;29,0;29,0;30,0
4238;3,131;29,0;30,0;31,0
4258;3,135;29,0;30,0;31,0
4261;3,136;29,0;30,0;31,0
4262;3,136;29,0;30,0;31,0
4265;3,137;29,0;30,0;31,0
4273;3,138;29,0;30,0;31,0
4276;3,139;29,0;30,0;31,0
4279;3,14;29,0;30,0;31,0
4285;3,141;29,0;29,0;31,0
4306;3,145;29,0;29,0;31,0
4307;3,146;29,0;29,0;31,0
4309;3,146;29,0;29,0;31,0
4312;3,147;29,0;29,0;31,0
4318;3,148;29,0;29,0;31,0
4322;3,148;29,0;29,0;31,0
4323;3,148;29,0;29,0;31,0
4329;3,15;29,0;29,0;31,0
4334;3,151;29,0;30,0;31,0
4344;3,153;29,0;30,0;31,0
4351;3,155;29,0;30,0;31,0
4362;3,157;29,0;29,0;31,0
4369;3,158;29,0;29,0;31,0
4372;3,159;29,0;29,0;31,0
4374;3,159;29,0;29,0;31,0
4376;3,159;29,0;29,0;31,0
4394;3,163;29,0;29,0;31,0
4396;3,165;29,0;29,0;31,0
4398;3,165;29,0;29,0;31,0
4406;3,166;29,0;30,0;31,0
4408;3,168;29,0;30,0;31,0
4417;3,169;29,0;29,0;31,0
4419;3,17;29,0;29,0;31,0
4421;3,171;29,0;29,0;31,0
4429;3,172;29,0;29,0;31,0
4452;3,176;29,0;29,0;31,0
4455;3,177;29,0;31,0;31,0
4457;3,177;29,0;30,0;31,0
4458;3,178;29,0;30,0;31,0
4463;3,179;29,0;30,0;31,0
4467;3,18;29,0;30,0;32,0
4489;3,184;29,0;30,0;32,0
4494;3,186;29,0;30,0;32,0
4498;3,186;29,0;30,0;32,0
4500;3,188;29,0;30,0;32,0
4521;3,191;29,0;29,0;32,0
4526;3,192;29,0;29,0;32,0
4531;3,193;29,0;29,0;32,0
4535;3,193;29,0;29,0;32,0
4541;3,194;29,0;29,0;32,0
4544;3,196;29,0;29,0;32,0
4545;3,196;29,0;29,0;32,0
4547;3,196;29,0;29,0;32,0
4558;3,198;29,0;30,0;32,0
4565;3,199;29,0;29,0;32,0
4567;3,2;29,0;29,0;32,0
4577;3,202;29,0;29,0;32,0
4582;3,203;29,0;29,0;32,0
4584;3,203;29,0;29,0;32,0
4588;3,205;28,0;29,0;29,0
4604;3,208;28,0;28,0;29,0
4616;3,209;28,0;28,0;29,0
4625;3,212;28,0;28,0;29,0
4631;3,213;28,0;28,0;29,0
4633;3,214;28,0;28,0;29,0
4645;3,217;28,0;28,0;29,0
4648;3,218;28,0;28,0;29,0
4649;3,218;28,0;29,0;29,0
4654;3,219;28,0;29,0;29,0
4655;3,22;28,0;29,0;29,0
4667;3,223;28,0;29,0;29,0
4685;3,226;28,0;28,0;29,0
4693;3,228;28,0;28,0;29,0
4705;3,23;28,0;28,0;29,0
4710;3,232;28,0;28,0;29,0
4717;3,233;28,0;28,0;29,0
4718;3,233;28,0;29,0;29,0
4721;3,234;28,0;29,0;29,0
4722;3,234;28,0;29,0;29,0
4723;3,234;28,0;29,0;29,0
4725;3,236;28,0;29,0;29,0
4729;3,236;28,0;29,0;29,0
4734;3,237;28,0;29,0;29,0
4738;3,238;28,0;29,0;29,0
4740;3,239;28,0;29,0;29,0
4742;3,241;28,0;29,0;29,0
4743;3,242;28,0;29,0;29,0
4745;3,242;28,0;29,0;29,0
4748;3,243;28,0;29,0;29,0
4750;3,243;28,0;29,0;29,0
4754;3,244;28,0;29,0;29,0
4762;3,246;28,0;29,0;29,0
4764;3,248;28,0;29,0;29,0
4778;3,25;28,0;29,0;29,0
4779;3,25;28,0;29,0;29,0
4785;3,253;28,0;29,0;29,0
4792;3,254;28,0;29,0;29,0
4793;3,255;28,0;29,0;29,0
4810;3,258;28,0;29,0;29,0
4812;3,259;28,0;29,0;29,0
4819;3,26;28,0;29,0;29,0
4829;3,262;28,0;29,0;29,0
4834;3,264;28,0;29,0;29,0
4835;3,265;28,0;29,0;29,0
4837;3,265;28,0;29,0;29,0
4841;3,266;28,0;29,0;29,0
4851;3,268;28,0;29,0;29,0
4860;3,269;28,0;29,0;30,0
4861;3,27;28,0;29,0;30,0
4868;3,271;28,0;30,0;30,0
4877;3,272;28,0;28,0;30,0
4887;3,274;28,0;28,0;30,0
4894;3,275;28,0;28,0;30,0
4897;3,276;28,0;28,0;30,0
4913;3,279;28,0;28,0;30,0
4919;3,28;28,0;28,0;30,0
4922;3,282;28,0;29,0;30,0
4923;3,282;28,0;29,0;30,0
4926;3,283;28,0;29,0;30,0
4928;3,284;28,0;29,0;30,0
4940;3,287;28,0;29,0;30,0
4942;3,287;28,0;29,0;30,0
4957;3,29;28,0;29,0;30,0
4958;3,29;28,0;29,0;30,0
4961;3,29;28,0;28,0;30,0
4963;3,29;28,0;28,0;30,0
4966;3,293;27,0;28,0;28,0
4973;3,296;27,0;27,0;28,0
4974;3,296;27,0;27,0;28,0
4978;3,298;27,0;27,0;28,0
4987;3,3;27,0;27,0;28,0
4995;3,303;27,0;27,0;28,0
4999;3,303;27,0;27,0;28,0
5004;3,304;27,0;27,0;28,0
5008;3,305;27,0;27,0;28,0
5009;3,306;27,0;27,0;28,0
5013;3,307;27,0;27,0;28,0
5015;3,307;27,0;27,0;28,0
5020;3,309;27,0;27,0;28,0
5026;3,311;27,0;27,0;28,0
5029;3,313;27,0;27,0;28,0
5032;3,313;27,0;27,0;28,0
5033;3,313;27,0;28,0;28,0
5034;3,315;27,0;28,0;28,0
5038;3,316;27,0;28,0;28,0
5047;3,318;27,0;28,0;28,0
5051;3,32;27,0;28,0;28,0
5055;3,32;27,0;27,0;28,0
5059;3,322;27,0;27,0;28,0
5060;3,323;27,0;27,0;28,0
5067;3,324;27,0;27,0;28,0
5080;3,326;27,0;27,0;28,0
5084;3,327;27,0;27,0;28,0
5091;3,329;27,0;27,0;28,0
5093;3,33;27,0;27,0;28,0
5100;3,333;27,0;27,0;28,0
5112;3,335;27,0;27,0;28,0
5115;3,337;27,0;28,0;28,0
5120;3,338;27,0;28,0;28,0
5135;3,341;27,0;28,0;28,0
5142;3,343;27,0;28,0;28,0
5161;3,346;27,0;28,0;28,0
5164;3,347;27,0;28,0;28,0
5167;3,349;27,0;28,0;28,0
5172;3,351;27,0;28,0;28,0
5175;3,352;27,0;28,0;28,0
5186;3,354;27,0;28,0;28,0
5199;3,356;27,0;28,0;28,0
5204;3,356;27,0;28,0;28,0
5212;3,357;27,0;28,0;28,0
5217;3,359;27,0;28,0;28,0
5220;3,359;27,0;28,0;28,0
5227;3,362;27,0;28,0;28,0
5229;3,362;27,0;28,0;28,0
5230;3,363;27,0;28,0;28,0
5232;3,365;27,0;28,0;28,0
5233;3,366;27,0;28,0;28,0
5242;3,367;27,0;27,0;28,0
5248;3,369;27,0;27,0;28,0
5249;3,37;27,0;27,0;28,0
5252;3,371;27,0;27,0;28,0
5256;3,372;27,0;27,0;28,0
5263;3,374;27,0;27,0;28,0
5267;3,375;27,0;27,0;28,0
5280;3,377;27,0;27,0;29,0
5286;3,379;27,0;27,0;29,0
5289;3,379;27,0;27,0;29,0
5293;3,38;27,0;27,0;29,0
5296;3,381;27,0;27,0;29,0
5302;3,382;27,0;29,0;29,0
5312;3,383;27,0;29,0;29,0
5314;3,384;27,0;29,0;29,0
5319;3,385;27,0;29,0;29,0
5321;3,385;27,0;27,0;29,0
5327;3,386;27,0;27,0;29,0
5330;3,387;27,0;27,0;29,0
5331;3,388;27,0;27,0;29,0
5340;3,39;27,0;27,0;29,0
5344;3,391;27,0;27,0;29,0
5346;3,392;27,0;27,0;29,0
5347;3,392;27,0;27,0;29,0
5348;3,392;27,0;27,0;29,0
5349;3,392;27,0;27,0;29,0
5352;3,394;27,0;27,0;29,0
5368;3,396;27,0;27,0;29,0
5370;3,398;27,0;27,0;29,0
5375;3,399;27,0;27,0;29,0
5385;3,4;27,0;27,0;29,0
5396;3,403;27,0;28,0;29,0
5399;3,404;27,0;27,0;29,0
5410;3,406;27,0;27,0;29,0
5418;3,407;27,0;27,0;29,0
5427;3,409;27,0;27,0;29,0
5430;3,41;27,0;27,0;29,0
5431;3,411;27,0;27,0;29,0
5434;3,411;27,0;27,0;29,0
5435;3,412;27,0;27,0;29,0
5438;3,413;27,0;27,0;29,0
5442;3,464;26,0;27,0;27,0
5445;3,464;26,0;26,0;27,0
5449;3,465;26,0;26,0;27,0
5453;3,467;26,0;26,0;27,0
5455;3,516;26,0;26,0;27,0
5457;3,519;26,0;26,0;27,0
5463;3,568;26,0;26,0;27,0
5466;3,616;26,0;26,0;27,0
5475;3,665;26,0;26,0;27,0
5477;3,714;26,0;26,0;27,0
5479;3,814;26,0;26,0;27,0
5482;3,818;26,0;26,0;27,0
5488;3,866;26,0;26,0;27,0
5490;3,918;26,0;26,0;27,0
5494;4,011;26,0;26,0;27,0
5495;4,057;26,0;26,0;27,0
5496;4,103;26,0;26,0;27,0
5504;4,151;26,0;26,0;27,0
5512;4,152;26,0;26,0;27,0
5518;4,153;26,0;26,0;27,0
5521;4,154;26,0;26,0;27,0
5526;4,155;26,0;27,0;27,0
5528;4,157;26,0;26,0;27,0
5545;4,159;26,0;26,0;27,0
5550;4,16;26,0;26,0;27,0
5555;4,162;26,0;26,0;27,0
5565;4,165;26,0;26,0;27,0
5567;4,166;25,0;26,0;26,0
5579;4,17;25,0;25,0;26,0
5601;4,176;25,0;25,0;26,0
5609;4,178;25,0;25,0;26,0
5611;4,178;25,0;25,0;26,0
5614;4,178;25,0;25,0;26,0
5620;4,181;25,0;25,0;26,0
5625;4,181;25,0;25,0;26,0
5639;4,184;25,0;25,0;26,0
5640;4,184;25,0;25,0;26,0
5642;4,185;25,0;25,0;26,0
5646;4,185;25,0;26,0;26,0
5649;4,186;25,0;26,0;26,0
5654;4,187;25,0;26,0;26,0
5658;4,187;25,0;26,0;26,0
5666;4,189;25,0;26,0;26,0
5682;4,191;25,0;26,0;26,0
5684;4,191;25,0;26,0;26,0
5688;4,192;25,0;26,0;26,0
5701;4,194;25,0;26,0;26,0
5704;4,195;25,0;26,0;26,0
5705;4,195;25,0;26,0;26,0
5709;4,196;25,0;26,0;26,0
5716;4,198;25,0;26,0;26,0
5720;4,199;25,0;26,0;26,0
5739;4,203;25,0;26,0;26,0
5740;4,204;25,0;26,0;26,0
5746;4,205;25,0;26,0;26,0
5748;4,206;25,0;26,0;26,0
5749;4,206;25,0;26,0;26,0
5754;4,207;25,0;26,0;26,0
5756;4,208;25,0;26,0;26,0
5766;4,21;25,0;25,0;26,0
5772;4,21;25,0;25,0;26,0
5777;4,211;25,0;25,0;26,0
5781;4,212;25,0;25,0;26,0
5791;4,213;25,0;25,0;26,0
5802;4,215;25,0;25,0;26,0
5806;4,216;25,0;25,0;26,0
5810;4,217;25,0;25,0;26,0
5812;4,218;25,0;25,0;26,0
5821;4,219;25,0;25,0;26,0
5827;4,22;25,0;25,0;26,0
5828;4,22;25,0;25,0;26,0
5831;4,221;25,0;25,0;26,0
5834;4,222;25,0;25,0;26,0
5846;4,224;25,0;26,0;26,0
5858;4,226;25,0;26,0;26,0
5859;4,227;25,0;26,0;26,0
5861;4,227;25,0;26,0;26,0
5867;4,229;25,0;26,0;26,0
5872;4,229;25,0;26,0;26,0
5885;4,232;25,0;26,0;26,0
5896;4,234;25,0;25,0;26,0
5900;4,235;25,0;25,0;26,0
5905;4,236;25,0;25,0;26,0
5906;4,236;25,0;25,0;26,0
5910;4,237;25,0;25,0;26,0
5915;4,238;25,0;25,0;26,0
5921;4,239;25,0;25,0;26,0
5927;4,241;25,0;25,0;26,0
5931;4,243;25,0;25,0;26,0
5933;4,243;25,0;25,0;26,0
5940;4,245;24,0;25,0;25,0
5952;4,247;24,0;24,0;25,0
5963;4,249;24,0;24,0;25,0
5964;4,25;24,0;24,0;25,0
5968;4,252;24,0;24,0;25,0
5974;4,253;24,0;24,0;25,0
5975;4,254;24,0;24,0;25,0
5978;4,254;24,0;24,0;25,0
5981;4,254;24,0;24,0;25,0
5996;4,26;24,0;24,0;25,0
5997;4,26;24,0;24,0;25,0
6005;4,261;24,0;24,0;25,0
6006;4,261;24,0;24,0;25,0
6012;4,262;24,0;24,0;25,0
6013;4,262;24,0;24,0;25,0
6022;4,264;24,0;24,0;25,0
6024;4,265;24,0;24,0;25,0
6025;4,267;24,0;24,0;25,0
6027;4,267;24,0;24,0;25,0
6034;4,269;24,0;25,0;25,0
6038;4,271;24,0;24,0;25,0
6045;4,272;24,0;24,0;25,0
6048;4,273;24,0;24,0;25,0
6050;4,273;24,0;24,0;25,0
6053;4,274;24,0;24,0;25,0
6058;4,274;24,0;24,0;25,0
6067;4,276;24,0;24,0;25,0
6070;4,276;24,0;24,0;25,0
6074;4,278;24,0;24,0;25,0
6093;4,281;24,0;24,0;25,0
6096;4,282;24,0;24,0;25,0
6103;4,283;24,0;24,0;25,0
6111;4,284;24,0;24,0;25,0
6124;4,286;24,0;24,0;25,0
6126;4,287;24,0;25,0;25,0
6136;4,29;24,0;25,0;25,0
6138;4,291;24,0;25,0;25,0
6143;4,293;24,0;24,0;25,0
6156;4,296;24,0;24,0;25,0
6158;4,296;24,0;24,0;25,0
6163;4,297;24,0;24,0;25,0
6165;4,298;24,0;24,0;25,0
6173;4,299;24,0;24,0;25,0
6175;4,3;24,0;24,0;25,0
6177;4,3;24,0;24,0;25,0
6184;4,301;24,0;24,0;25,0
6195;4,304;24,0;24,0;25,0
6197;4,305;24,0;24,0;25,0
6205;4,307;24,0;24,0;25,0
6207;4,308;24,0;24,0;25,0
6216;4,309;24,0;24,0;25,0
6222;4,311;24,0;24,0;25,0
6223;4,311;24,0;25,0;25,0
6225;4,311;24,0;24,0;25,0
6229;4,312;24,0;24,0;25,0
6238;4,314;24,0;24,0;25,0
6244;4,315;24,0;24,0;25,0
6254;4,316;24,0;24,0;25,0
6255;4,317;24,0;24,0;25,0
6260;4,318;24,0;24,0;25,0
6264;4,319;24,0;24,0;25,0
6270;4,321;24,0;24,0;25,0
6289;4,324;24,0;24,0;25,0
6295;4,325;24,0;24,0;25,0
6300;4,326;24,0;24,0;25,0
6305;4,327;24,0;24,0;25,0
6314;4,329;24,0;25,0;25,0
6326;4,333;24,0;24,0;25,0
6328;4,333;24,0;24,0;25,0
6332;4,335;24,0;24,0;25,0
6333;4,335;24,0;24,0;25,0
6346;4,337;24,0;24,0;25,0
6349;4,338;24,0;24,0;25,0
6352;4,338;24,0;24,0;25,0
6371;4,342;24,0;24,0;26,0
6372;4,343;24,0;24,0;26,0
6379;4,345;24,0;24,0;26,0
6391;4,348;24,0;24,0;26,0
6393;4,348;24,0;24,0;26,0
6399;4,349;24,0;24,0;26,0
6400;4,35;24,0;25,0;26,0
6403;4,351;24,0;25,0;26,0
6404;4,351;24,0;25,0;26,0
6407;4,353;24,0;25,0;26,0
6409;4,353;24,0;25,0;26,0
6422;4,356;24,0;25,0;26,0
6425;4,356;24,0;25,0;26,0
6426;4,356;24,0;25,0;26,0
6429;4,357;24,0;25,0;26,0
6433;4,358;24,0;25,0;26,0
6434;4,359;24,0;25,0;26,0
6435;4,359;24,0;25,0;26,0
6438;4,359;24,0;25,0;26,0
6440;4,36;24,0;25,0;26,0
6441;4,36;24,0;25,0;26,0
6444;4,36;24,0;25,0;26,0
6450;4,361;24,0;25,0;26,0
6457;4,363;24,0;25,0;26,0
6462;4,365;24,0;25,0;26,0
6463;4,365;24,0;25,0;26,0
6469;4,367;24,0;25,0;26,0
6472;4,368;24,0;25,0;26,0
6479;4,369;24,0;25,0;26,0
6480;4,369;24,0;25,0;26,0
6487;4,372;24,0;25,0;26,0
6488;4,373;24,0;25,0;26,0
6495;4,374;24,0;25,0;26,0
6496;4,374;24,0;25,0;26,0
6506;4,376;24,0;26,0;26,0
6510;4,377;24,0;26,0;26,0
6520;4,379;24,0;25,0;26,0
6521;4,38;24,0;25,0;26,0
6526;4,381;24,0;25,0;26,0
6547;4,384;24,0;25,0;26,0
6551;4,384;24,0;25,0;26,0
6567;4,386;24,0;25,0;26,0
6569;4,386;24,0;25,0;26,0
6572;4,387;24,0;25,0;26,0
6575;4,388;24,0;25,0;26,0
6579;4,389;24,0;25,0;26,0
6584;4,39;24,0;25,0;26,0
6588;4,392;24,0;25,0;26,0
6593;4,393;24,0;25,0;26,0
6595;4,394;24,0;25,0;26,0
6601;4,396;24,0;24,0;26,0
6607;4,397;24,0;24,0;26,0
6618;4,4;24,0;24,0;26,0
6620;4,4;24,0;24,0;26,0
6630;4,401;24,0;24,0;26,0
6631;4,401;24,0;24,0;26,0
6633;4,403;24,0;24,0;26,0
6634;4,404;24,0;24,0;26,0
6636;4,404;24,0;24,0;26,0
6643;4,405;24,0;24,0;26,0
6650;4,408;24,0;24,0;26,0
6651;4,408;24,0;24,0;26,0
6661;4,41;24,0;24,0;26,0
6665;4,411;24,0;24,0;26,0
6674;4,412;24,0;24,0;26,0
6678;4,413;24,0;24,0;26,0
6681;4,413;24,0;24,0;26,0
6695;4,416;24,0;25,0;26,0
6696;4,416;24,0;25,0;26,0
6703;4,417;24,0;25,0;26,0
6705;4,418;24,0;25,0;26,0
6706;4,419;24,0;25,0;26,0
6708;4,42;24,0;25,0;26,0
6714;4,421;24,0;25,0;26,0
6725;4,424;24,0;25,0;26,0
6726;4,425;24,0;25,0;26,0
6727;4,426;24,0;25,0;26,0
6728;4,427;24,0;25,0;26,0
6732;4,428;24,0;25,0;26,0
6734;4,43;24,0;25,0;26,0
6735;4,43;24,0;25,0;26,0
6738;4,43;24,0;25,0;26,0
6739;4,43;24,0;25,0;26,0
6740;4,43;24,0;25,0;26,0
6745;4,432;24,0;24,0;26,0
6750;4,434;24,0;24,0;26,0
6756;4,435;24,0;24,0;26,0
6757;4,436;24,0;24,0;26,0
6761;4,437;24,0;24,0;26,0
6769;4,438;24,0;24,0;26,0
6770;4,44;24,0;24,0;26,0
6779;4,44;24,0;24,0;26,0
6781;4,442;24,0;24,0;26,0
6782;4,442;24,0;24,0;26,0
6783;4,442;24,0;24,0;26,0
6789;4,443;24,0;24,0;26,0
6796;4,444;24,0;24,0;27,0
6809;4,446;24,0;24,0;27,0
6813;4,447;24,0;24,0;27,0
6820;4,448;24,0;24,0;27,0
6826;4,449;24,0;24,0;27,0
6828;4,449;24,0;25,0;27,0
6829;4,45;24,0;24,0;27,0
6834;4,451;24,0;24,0;27,0
6838;4,451;24,0;24,0;27,0
6848;4,452;24,0;24,0;27,0
6849;4,453;24,0;24,0;27,0
6867;4,457;24,0;24,0;27,0
6868;4,459;24,0;24,0;27,0
6869;4,46;24,0;24,0;27,0
6874;4,461;24,0;24,0;27,0
6876;4,462;24,0;24,0;27,0
6881;4,462;24,0;24,0;27,0
6889;4,463;24,0;24,0;27,0
6896;4,465;24,0;24,0;27,0
6898;4,465;24,0;24,0;27,0
6914;4,468;24,0;24,0;27,0
6915;4,469;24,0;27,0;27,0
6916;4,469;24,0;27,0;27,0
6925;4,471;24,0;27,0;27,0
6926;4,517;24,0;27,0;27,0
6927;4,564;24,0;24,0;27,0
6928;4,565;24,0;24,0;27,0
6935;4,566;24,0;24,0;27,0
6939;4,569;24,0;24,0;27,0
6946;4,57;24,0;24,0;27,0
6950;4,57;24,0;24,0;27,0
6953;4,571;24,0;24,0;27,0
6957;4,62;24,0;24,0;27,0
6958;4,667;24,0;24,0;27,0
6964;4,718;24,0;24,0;27,0
6968;4,765;24,0;24,0;27,0
6971;4,811;24,0;24,0;27,0
6972;4,902;24,0;24,0;27,0
6974;4,903;24,0;24,0;27,0
6980;4,953;24,0;24,0;27,0
6981;4,953;24,0;24,0;27,0
6982;4,953;24,0;24,0;27,0
6986;4,999;24,0;24,0;27,0
6988;5,044;24,0;24,0;27,0
6989;5,046;24,0;24,0;27,0
6993;5,096;24,0;24,0;27,0
6998;5,101;24,0;24,0;27,0
6999;5,152;24,0;24,0;27,0
7001;5,153;24,0;24,0;27,0
7006;5,154;24,0;24,0;27,0
7007;5,155;24,0;24,0;27,0
7012;5,156;24,0;24,0;27,0
7018;5,157;24,0;24,0;27,0
7024;5,157;24,0;24,0;27,0
7026;5,158;24,0;27,0;27,0
7043;5,16;24,0;27,0;27,0
7045;5,161;24,0;27,0;27,0
7057;5,163;24,0;27,0;27,0
7068;5,166;23,0;26,0;24,0
7075;5,167;23,0;23,0;24,0
7087;5,169;23,0;23,0;24,0
7099;5,172;23,0;23,0;24,0
7103;5,173;23,0;23,0;24,0
7110;5,175;23,0;23,0;24,0
7123;5,177;23,0;23,0;24,0
7124;5,177;23,0;23,0;24,0
7127;5,178;23,0;23,0;24,0
7128;5,178;23,0;23,0;24,0
7138;5,179;23,0;23,0;24,0
7150;5,182;23,0;23,0;24,0
7157;5,183;23,0;23,0;24,0
7159;5,183;23,0;24,0;24,0
7171;5,185;23,0;24,0;24,0
7211;5,191;23,0;24,0;24,0
7234;5,195;23,0;24,0;24,0
7237;5,195;23,0;24,0;24,0
7251;5,197;23,0;24,0;24,0
7255;5,197;23,0;24,0;24,0
7278;5,201;23,0;24,0;24,0
7281;5,201;23,0;24,0;24,0
7283;5,202;23,0;24,0;24,0
7285;5,202;23,0;24,0;24,0
7295;5,204;23,0;24,0;24,0
7299;5,205;23,0;24,0;24,0
7313;5,209;23,0;24,0;24,0
7314;5,209;23,0;23,0;24,0
7317;5,209;23,0;23,0;24,0
7343;5,216;23,0;23,0;24,0
7344;5,216;23,0;23,0;24,0
7347;5,217;23,0;23,0;24,0
7350;5,217;23,0;23,0;24,0
7358;5,219;23,0;23,0;24,0
7363;5,22;23,0;23,0;24,0
7379;5,223;23,0;23,0;24,0
7382;5,224;23,0;23,0;24,0
7400;5,227;23,0;23,0;24,0
7401;5,227;23,0;23,0;24,0
7418;5,23;23,0;24,0;24,0
7427;5,231;23,0;24,0;24,0
7434;5,233;23,0;24,0;24,0
7440;5,233;23,0;24,0;24,0
7445;5,234;23,0;23,0;24,0
7451;5,235;23,0;23,0;24,0
7466;5,237;23,0;23,0;24,0
7503;5,242;23,0;23,0;25,0
7515;5,244;23,0;23,0;25,0
7517;5,245;23,0;23,0;25,0
7520;5,245;23,0;23,0;25,0
7524;5,245;23,0;23,0;25,0
7529;5,246;23,0;25,0;25,0
7530;5,246;23,0;25,0;25,0
7546;5,249;23,0;23,0;25,0
7552;5,25;23,0;23,0;25,0
7559;5,251;23,0;23,0;25,0
7566;5,252;23,0;23,0;25,0
7575;5,253;23,0;23,0;25,0
7584;5,255;23,0;23,0;25,0
7592;5,256;23,0;23,0;25,0
7594;5,257;23,0;23,0;25,0
7596;5,257;23,0;23,0;25,0
7600;5,257;23,0;23,0;25,0
7613;5,26;23,0;23,0;25,0
7618;5,261;23,0;23,0;25,0
7623;5,261;23,0;24,0;25,0
7624;5,262;23,0;24,0;25,0
7626;5,262;23,0;24,0;25,0
7631;5,263;23,0;24,0;25,0
7643;5,264;23,0;24,0;25,0
7649;5,265;23,0;23,0;25,0
7665;5,267;23,0;23,0;25,0
7666;5,268;23,0;23,0;25,0
7667;5,268;23,0;23,0;25,0
7676;5,269;23,0;23,0;25,0
7696;5,273;23,0;23,0;25,0
7728;5,277;23,0;23,0;25,0
7734;5,278;23,0;25,0;25,0
7736;5,278;23,0;25,0;25,0
7737;5,278;23,0;25,0;25,0
7738;5,278;23,0;25,0;25,0
7743;5,279;23,0;25,0;25,0
7746;5,28;23,0;25,0;25,0
7747;5,28;23,0;25,0;25,0
7751;5,281;23,0;25,0;25,0
7757;5,282;23,0;25,0;25,0
7765;5,283;23,0;25,0;25,0
7768;5,284;23,0;24,0;25,0
7775;5,285;23,0;24,0;25,0
7780;5,286;23,0;23,0;25,0
7795;5,289;23,0;23,0;25,0
7796;5,289;23,0;23,0;25,0
7799;5,289;23,0;23,0;25,0
7808;5,291;23,0;23,0;25,0
7809;5,291;23,0;23,0;25,0
7854;5,298;23,0;23,0;25,0
7859;5,299;23,0;23,0;25,0
7889;5,304;23,0;24,0;25,0
7891;5,304;23,0;24,0;25,0
7897;5,305;23,0;23,0;25,0
7901;5,306;23,0;23,0;25,0
7907;5,307;23,0;23,0;25,0
7914;5,308;23,0;23,0;25,0
7915;5,308;23,0;23,0;25,0
7922;5,31;23,0;23,0;25,0
7931;5,311;23,0;23,0;26,0
7932;5,311;23,0;23,0;26,0
7937;5,312;23,0;23,0;26,0
7956;5,315;23,0;23,0;26,0
7970;5,317;23,0;23,0;26,0
7979;5,319;23,0;23,0;26,0
7988;5,321;23,0;24,0;26,0
7993;5,322;23,0;24,0;26,0
7995;5,323;23,0;23,0;26,0
7998;5,323;23,0;23,0;26,0
8008;5,325;23,0;23,0;26,0
8018;5,326;23,0;23,0;26,0
8020;5,327;23,0;23,0;26,0
8022;5,328;23,0;23,0;26,0
8026;5,328;23,0;23,0;26,0
8038;5,331;23,0;23,0;26,0
8044;5,332;23,0;23,0;26,0
8046;5,332;23,0;23,0;26,0
8049;5,333;23,0;23,0;26,0
8055;5,334;23,0;23,0;26,0
8060;5,334;23,0;23,0;26,0
8074;5,337;23,0;23,0;26,0
8076;5,337;23,0;23,0;26,0
8080;5,339;22,0;23,0;23,0
8082;5,34;22,0;22,0;23,0
8145;5,353;22,0;22,0;23,0
8152;5,354;22,0;22,0;23,0
8158;5,355;22,0;22,0;23,0
8169;5,357;22,0;22,0;23,0
8179;5,358;22,0;23,0;23,0
8180;5,358;22,0;23,0;23,0
8190;5,36;22,0;23,0;23,0
8207;5,363;22,0;23,0;23,0
8209;5,363;22,0;23,0;23,0
8213;5,364;22,0;22,0;23,0
8218;5,364;22,0;22,0;23,0
8228;5,366;22,0;22,0;23,0
8241;5,368;22,0;22,0;23,0
8243;5,368;22,0;22,0;23,0
8249;5,369;22,0;22,0;23,0
8251;5,37;22,0;22,0;23,0
8254;5,37;22,0;22,0;23,0
8262;5,372;22,0;22,0;23,0
8264;5,372;22,0;22,0;23,0
8287;5,376;22,0;22,0;23,0
8289;5,376;22,0;22,0;23,0
8302;5,378;22,0;22,0;23,0
8305;5,378;22,0;22,0;23,0
8309;5,379;22,0;22,0;23,0
8310;5,379;22,0;23,0;23,0
8318;5,381;22,0;23,0;23,0
8336;5,383;22,0;22,0;23,0
8339;5,384;22,0;22,0;23,0
8356;5,386;22,0;22,0;23,0
8370;5,389;22,0;22,0;23,0
8375;5,389;22,0;22,0;23,0
8382;5,39;22,0;22,0;23,0
8409;5,395;22,0;22,0;23,0
8410;5,395;22,0;23,0;23,0
8432;5,399;22,0;23,0;23,0
8433;5,399;22,0;23,0;23,0
8441;5,401;22,0;23,0;23,0
8443;5,401;22,0;23,0;23,0
8454;5,403;22,0;23,0;23,0
8470;5,405;22,0;23,0;23,0
8472;5,405;22,0;23,0;23,0
8473;5,405;22,0;23,0;23,0
8478;5,406;22,0;23,0;23,0
8487;5,408;22,0;22,0;23,0
8504;5,411;22,0;22,0;23,0
8506;5,411;22,0;22,0;23,0
8523;5,414;22,0;22,0;23,0
8546;5,417;22,0;22,0;24,0
8549;5,418;22,0;22,0;24,0
8555;5,419;22,0;22,0;24,0
8570;5,421;22,0;22,0;24,0
8573;5,422;22,0;24,0;24,0
8577;5,422;22,0;24,0;24,0
8578;5,422;22,0;24,0;24,0
8590;5,424;22,0;24,0;24,0
8592;5,425;22,0;22,0;24,0
8625;5,43;22,0;22,0;24,0
8627;5,43;22,0;22,0;24,0
8629;5,43;22,0;22,0;24,0
8642;5,432;22,0;22,0;24,0
8650;5,433;22,0;22,0;24,0
8674;5,437;22,0;22,0;24,0
8681;5,438;22,0;22,0;24,0
8683;5,438;22,0;22,0;24,0
8687;5,439;22,0;24,0;24,0
8697;5,44;22,0;23,0;24,0
8699;5,441;22,0;23,0;24,0
8703;5,442;22,0;23,0;24,0
8705;5,442;22,0;23,0;24,0
8706;5,442;22,0;23,0;24,0
8713;5,443;22,0;23,0;24,0
8721;5,444;22,0;23,0;24,0
8749;5,449;22,0;22,0;24,0
8782;5,454;22,0;22,0;24,0
8787;5,455;22,0;22,0;24,0
8809;5,459;22,0;22,0;24,0
8817;5,46;22,0;23,0;24,0
8821;5,461;22,0;23,0;24,0
8828;5,462;22,0;23,0;24,0
8840;5,463;22,0;23,0;24,0
8855;5,466;22,0;23,0;24,0
8868;5,468;22,0;23,0;24,0
8879;5,47;22,0;23,0;24,0
8885;5,471;22,0;23,0;24,0
8893;5,472;22,0;23,0;24,0
8902;5,474;22,0;23,0;24,0
8904;5,474;22,0;23,0;24,0
8905;5,474;22,0;24,0;24,0
8915;5,476;22,0;24,0;24,0
8922;5,477;22,0;24,0;24,0
8925;5,477;22,0;24,0;24,0
8929;5,478;22,0;24,0;24,0
8932;5,478;22,0;24,0;24,0
8942;5,479;22,0;24,0;24,0
8944;5,48;22,0;24,0;24,0
8948;5,481;22,0;24,0;24,0
8952;5,482;22,0;24,0;24,0
8960;5,483;22,0;23,0;24,0
8969;5,485;22,0;23,0;24,0
8972;5,485;22,0;23,0;24,0
8978;5,486;22,0;23,0;24,0
8980;5,487;22,0;23,0;24,0
8989;5,488;22,0;23,0;24,0
9001;5,49;22,0;23,0;24,0
9012;5,492;22,0;23,0;24,0
9018;5,493;22,0;23,0;24,0
9023;5,494;22,0;23,0;25,0
9029;5,495;22,0;23,0;25,0
9032;5,496;22,0;23,0;25,0
9042;5,497;22,0;23,0;25,0
9049;5,498;22,0;23,0;25,0
9052;5,499;22,0;23,0;25,0
9055;5,499;22,0;23,0;25,0
9059;5,5;22,0;25,0;25,0
9073;5,502;22,0;25,0;25,0
9081;5,503;22,0;25,0;25,0
9085;5,504;22,0;25,0;25,0
9094;5,505;22,0;25,0;25,0
9120;5,509;22,0;25,0;25,0
9129;5,511;22,0;23,0;25,0
9133;5,512;22,0;23,0;25,0
9134;5,512;22,0;23,0;25,0
9136;5,512;22,0;23,0;25,0
9141;5,513;22,0;22,0;25,0
9148;5,514;22,0;22,0;25,0
9171;5,518;22,0;22,0;25,0
9184;5,52;22,0;22,0;25,0
9185;5,52;22,0;22,0;25,0
9187;5,521;22,0;22,0;25,0
9200;5,523;22,0;22,0;25,0
9202;5,524;22,0;22,0;25,0
9206;5,524;22,0;22,0;25,0
9218;5,526;22,0;22,0;25,0
9231;5,528;22,0;22,0;25,0
9242;5,53;22,0;25,0;25,0
9256;5,532;22,0;24,0;25,0
9278;5,536;22,0;24,0;25,0
9286;5,537;22,0;23,0;25,0
9298;5,538;22,0;23,0;25,0
9303;5,539;22,0;23,0;25,0
9305;5,54;22,0;22,0;25,0
9307;5,54;22,0;22,0;25,0
9325;5,543;22,0;22,0;25,0
9329;5,544;22,0;22,0;25,0
9330;5,544;22,0;22,0;25,0
9336;5,544;22,0;22,0;25,0
9357;5,548;22,0;22,0;25,0
9359;5,549;22,0;22,0;25,0
9376;5,551;22,0;22,0;25,0
9380;5,552;22,0;22,0;25,0
9390;5,553;22,0;22,0;25,0
9400;5,555;22,0;22,0;25,0
9401;5,555;22,0;22,0;25,0
9405;5,556;22,0;23,0;25,0
9407;5,556;22,0;23,0;25,0
9414;5,557;22,0;23,0;25,0
9417;5,558;22,0;23,0;25,0
9420;5,558;22,0;22,0;25,0
9453;5,564;22,0;22,0;25,0
9458;5,565;22,0;22,0;25,0
9460;5,566;22,0;22,0;25,0
9463;5,566;22,0;22,0;25,0
9464;5,566;22,0;22,0;25,0
9470;5,567;22,0;22,0;25,0
9477;5,569;22,0;22,0;25,0
9485;5,57;22,0;22,0;25,0
9491;5,57;22,0;22,0;25,0
9493;5,571;22,0;22,0;25,0
9497;5,571;22,0;22,0;25,0
9507;5,573;22,0;22,0;26,0
9515;5,575;22,0;22,0;26,0
9518;5,575;22,0;24,0;26,0
9525;5,576;22,0;24,0;26,0
9527;5,577;22,0;24,0;26,0
9531;5,577;22,0;24,0;26,0
9534;5,578;22,0;24,0;26,0
9543;5,579;22,0;24,0;26,0
9565;5,583;22,0;24,0;26,0
9567;5,583;22,0;24,0;26,0
9575;5,584;22,0;24,0;26,0
9595;5,587;22,0;24,0;26,0
9608;5,589;22,0;24,0;26,0
9610;5,589;22,0;24,0;26,0
9612;5,59;22,0;24,0;26,0
9614;5,59;22,0;25,0;26,0
9615;5,59;22,0;25,0;26,0
9619;5,591;22,0;25,0;26,0
9621;5,592;22,0;25,0;26,0
9622;5,592;22,0;24,0;26,0
9623;5,593;22,0;24,0;26,0
9626;5,593;22,0;23,0;26,0
9632;5,594;22,0;22,0;26,0
9634;5,595;22,0;22,0;26,0
9641;5,596;22,0;22,0;26,0
9684;5,603;22,0;22,0;26,0
9695;5,605;22,0;22,0;26,0
9698;5,606;22,0;22,0;26,0
9702;5,606;22,0;22,0;26,0
9718;5,609;22,0;22,0;26,0
9742;5,612;22,0;24,0;26,0
9747;5,612;22,0;24,0;26,0
9752;5,613;22,0;24,0;26,0
9764;5,614;22,0;24,0;26,0
9766;5,615;22,0;24,0;26,0
9775;5,616;22,0;24,0;26,0
9787;5,618;22,0;22,0;26,0
9793;5,619;22,0;22,0;26,0
9795;5,62;22,0;22,0;26,0
9803;5,621;22,0;22,0;26,0
9817;5,624;22,0;22,0;26,0
9824;5,625;22,0;22,0;26,0
9835;5,626;22,0;22,0;26,0
9837;5,627;22,0;22,0;26,0
9854;5,629;22,0;22,0;26,0
9860;5,63;22,0;22,0;26,0
9870;5,633;22,0;22,0;26,0
9879;5,634;22,0;23,0;26,0
9896;5,636;22,0;23,0;26,0
9929;5,691;22,0;22,0;26,0
9930;5,739;22,0;22,0;26,0
9934;5,741;22,0;22,0;26,0
9943;5,743;22,0;22,0;26,0
9951;5,791;22,0;22,0;26,0
9952;5,791;22,0;22,0;26,0
9953;5,839;22,0;22,0;26,0
9956;5,887;22,0;22,0;26,0
9957;5,887;22,0;22,0;26,0
9972;5,94;22,0;22,0;26,0
9974;6,038;22,0;22,0;26,0
9980;6,136;22,0;22,0;26,0
9982;6,208;22,0;22,0;26,0
9984;6,352;22,0;22,0;26,0
9985;6,425;22,0;22,0;26,0
9992;6,577;22,0;22,0;26,0
9996;6,582;22,0;22,0;26,0
10000;6,584;22,0;22,0;26,0
10004;6,586;22,0;25,0;26,0
10035;6,667;22,0;23,0;26,0
10058;6,672;22,0;22,0;26,0
10080;6,679;22,0;22,0;26,0
10081;6,679;22,0;22,0;26,0
10094;6,684;22,0;22,0;26,0
10110;6,69;22,0;22,0;26,0
10131;6,694;22,0;22,0;26,0
10140;6,696;22,0;24,0;26,0
10144;6,697;22,0;24,0;26,0
10147;6,698;22,0;24,0;26,0
10151;6,699;22,0;24,0;26,0
10155;6,772;22,0;22,0;26,0
10162;6,774;22,0;22,0;26,0
10167;6,775;22,0;22,0;26,0
10177;6,777;22,0;22,0;26,0
10184;6,779;22,0;22,0;26,0
10202;6,782;22,0;22,0;26,0
10203;6,782;22,0;22,0;26,0
10205;6,782;22,0;22,0;26,0
10226;6,787;22,0;22,0;26,0
10237;6,789;22,0;22,0;26,0
10248;6,792;22,0;22,0;26,0
10251;6,869;22,0;26,0;26,0
10253;6,87;22,0;22,0;26,0
10280;6,878;22,0;22,0;26,0
10291;6,882;22,0;22,0;26,0
10317;6,888;22,0;22,0;26,0
10321;6,888;22,0;22,0;26,0
10332;6,892;22,0;22,0;26,0
10337;6,892;22,0;22,0;26,0
10344;6,895;22,0;22,0;26,0
10345;6,895;22,0;24,0;26,0
10347;6,896;22,0;24,0;26,0
10373;6,901;22,0;24,0;26,0
10374;6,901;22,0;24,0;26,0
10375;6,901;22,0;24,0;26,0
10391;6,904;22,0;22,0;26,0
10393;6,977;22,0;22,0;26,0
10394;6,977;22,0;22,0;26,0
10397;6,978;22,0;22,0;26,0
10416;6,982;22,0;22,0;26,0
10418;6,982;22,0;22,0;26,0
10428;6,984;22,0;22,0;26,0
10435;6,986;22,0;22,0;26,0
10468;6,992;22,0;22,0;26,0
10475;7,066;22,0;24,0;26,0
10483;7,067;22,0;22,0;26,0
10496;7,143;22,0;22,0;26,0
10512;7,146;22,0;22,0;26,0
10523;7,148;22,0;22,0;26,0
10564;7,156;22,0;22,0;26,0
10565;7,228;22,0;26,0;26,0
10575;7,231;22,0;22,0;26,0
10586;7,233;22,0;22,0;26,0
10595;7,235;22,0;22,0;26,0
10600;7,236;22,0;22,0;26,0
10604;7,236;22,0;22,0;26,0
10619;7,242;22,0;22,0;26,0
10629;7,245;22,0;22,0;26,0
10630;7,246;22,0;22,0;26,0
10632;7,247;22,0;22,0;26,0
10633;7,247;22,0;22,0;26,0
10634;7,248;22,0;22,0;26,0
10635;7,249;22,0;22,0;26,0
10636;7,32;22,0;22,0;26,0
10637;7,321;22,0;22,0;26,0
10638;7,322;22,0;22,0;26,0
10639;7,323;22,0;22,0;26,0
10642;7,324;22,0;22,0;26,0
10643;7,325;22,0;22,0;26,0
10644;7,325;22,0;22,0;26,0
10645;7,326;22,0;22,0;26,0
10651;7,329;22,0;22,0;26,0
10657;7,332;22,0;22,0;26,0
10658;7,333;22,0;22,0;26,0
10661;7,334;22,0;22,0;26,0
10662;7,335;22,0;22,0;26,0
10663;7,336;22,0;22,0;26,0
10664;7,336;22,0;22,0;26,0
10665;7,337;22,0;22,0;26,0
10670;7,338;22,0;22,0;26,0
10672;7,339;22,0;22,0;26,0
10677;7,34;22,0;22,0;26,0
10678;7,341;22,0;22,0;26,0
10679;7,341;22,0;22,0;26,0
10682;7,342;22,0;22,0;26,0
10683;7,343;22,0;22,0;26,0
10685;7,345;22,0;22,0;26,0
10686;7,346;22,0;24,0;26,0
10687;7,346;22,0;24,0;26,0
10689;7,419;22,0;24,0;26,0
10690;7,492;22,0;22,0;26,0
10691;7,492;22,0;22,0;26,0
10693;7,493;22,0;22,0;26,0
10694;7,493;22,0;22,0;26,0
10695;7,494;22,0;22,0;26,0
10698;7,496;22,0;22,0;26,0
10701;7,497;22,0;22,0;26,0
10708;7,5;22,0;22,0;26,0
10710;7,501;22,0;22,0;26,0
10711;7,502;22,0;22,0;26,0
10715;7,504;22,0;22,0;26,0
10717;7,505;22,0;22,0;26,0
10719;7,506;22,0;22,0;26,0
10725;7,507;22,0;22,0;26,0
10726;7,508;22,0;22,0;26,0
10731;7,509;22,0;22,0;26,0
10732;7,51;22,0;22,0;26,0
10734;7,511;22,0;22,0;26,0
10739;7,513;22,0;22,0;26,0
10740;7,513;22,0;22,0;26,0
10744;7,515;22,0;22,0;26,0
10745;7,516;22,0;22,0;26,0
10747;7,516;22,0;22,0;26,0
10749;7,517;22,0;22,0;26,0
10750;7,518;22,0;22,0;26,0
10751;7,518;22,0;22,0;26,0
10753;7,519;22,0;22,0;26,0
10754;7,52;22,0;22,0;26,0
10758;7,521;22,0;22,0;26,0
10759;7,521;22,0;22,0;26,0
10762;7,523;22,0;22,0;26,0
10764;7,524;22,0;22,0;26,0
10765;7,525;22,0;22,0;26,0
10767;7,526;22,0;22,0;26,0
10769;7,527;22,0;22,0;26,0
10771;7,528;22,0;22,0;26,0
10774;7,528;22,0;22,0;26,0
10775;7,529;22,0;22,0;26,0
10776;7,53;22,0;22,0;26,0
10777;7,53;22,0;22,0;26,0
10778;7,531;22,0;22,0;26,0
10779;7,531;22,0;22,0;26,0
10780;7,532;22,0;22,0;26,0
10781;7,533;22,0;22,0;26,0
10783;7,534;22,0;22,0;26,0
10785;7,535;22,0;22,0;26,0
10787;7,536;22,0;22,0;26,0
10788;7,537;22,0;22,0;26,0
10789;7,537;22,0;22,0;26,0
10791;7,538;22,0;22,0;26,0
10794;7,54;22,0;22,0;26,0
10795;7,54;22,0;22,0;26,0
10796;7,541;22,0;22,0;26,0
10800;7,542;22,0;22,0;26,0
10801;7,543;22,0;22,0;26,0
10802;7,543;22,0;22,0;26,0
10806;7,544;22,0;22,0;26,0
10808;7,545;22,0;22,0;26,0
10811;7,546;22,0;22,0;26,0
10812;7,547;22,0;22,0;26,0
10813;7,547;22,0;22,0;26,0
10814;7,548;22,0;22,0;26,0
10815;7,548;22,0;22,0;26,0
10816;7,549;22,0;22,0;26,0
10819;7,55;22,0;22,0;26,0
10822;7,551;22,0;22,0;26,0
10824;7,625;22,0;22,0;26,0
10825;7,626;22,0;22,0;26,0
10826;7,626;22,0;22,0;26,0
10827;7,627;22,0;22,0;26,0
10828;7,627;22,0;22,0;26,0
10832;7,629;22,0;22,0;26,0
10836;7,701;22,0;22,0;26,0
10838;7,702;22,0;22,0;26,0
10839;7,702;22,0;22,0;26,0
10841;7,703;22,0;22,0;26,0
10842;7,704;22,0;22,0;26,0
10845;7,705;22,0;22,0;26,0
10847;7,706;22,0;22,0;26,0
10852;7,708;22,0;22,0;26,0
10854;7,709;22,0;22,0;26,0
10855;7,709;22,0;22,0;26,0
10856;7,71;22,0;23,0;26,0
10858;7,711;22,0;23,0;26,0
10861;7,711;22,0;23,0;26,0
10862;7,712;22,0;23,0;26,0
10863;7,713;22,0;23,0;26,0
10864;7,713;22,0;23,0;26,0
10867;7,714;22,0;23,0;26,0
10868;7,715;22,0;23,0;26,0
10870;7,784;22,0;23,0;26,0
10871;7,784;22,0;22,0;26,0
10874;7,786;22,0;22,0;26,0
10876;7,787;22,0;22,0;26,0
10877;7,788;22,0;22,0;26,0
10879;7,788;22,0;22,0;26,0
10881;7,789;22,0;22,0;26,0
10882;7,79;22,0;22,0;26,0
10883;7,79;22,0;22,0;26,0
10884;7,791;22,0;22,0;26,0
10887;7,792;22,0;22,0;26,0
10889;7,793;22,0;22,0;26,0
10890;7,867;22,0;22,0;26,0
10892;7,868;22,0;22,0;26,0
10893;7,868;22,0;22,0;26,0
10897;7,869;22,0;22,0;26,0
10898;7,87;22,0;22,0;26,0
10902;7,872;22,0;22,0;26,0
10903;7,872;22,0;22,0;26,0
10904;7,872;22,0;22,0;26,0
10905;7,872;22,0;22,0;26,0
10908;7,873;22,0;22,0;26,0
10911;7,874;22,0;22,0;26,0
10912;7,874;22,0;22,0;26,0
10913;7,875;22,0;22,0;26,0
10914;7,876;22,0;22,0;26,0
10915;7,876;22,0;22,0;26,0
10917;7,877;22,0;22,0;26,0
10918;7,877;22,0;22,0;26,0
10921;7,879;22,0;22,0;26,0
10922;7,88;22,0;22,0;26,0
10923;7,88;22,0;22,0;26,0
10926;7,882;22,0;22,0;26,0
10929;7,883;22,0;22,0;26,0
10933;7,884;22,0;22,0;26,0
10935;7,885;22,0;22,0;26,0
10936;7,886;22,0;22,0;26,0
10937;7,886;22,0;22,0;26,0
10938;7,887;22,0;22,0;26,0
10942;7,96;22,0;22,0;26,0
10946;7,962;22,0;22,0;26,0
10948;7,963;22,0;22,0;26,0
10950;7,964;22,0;22,0;26,0
10951;7,965;22,0;22,0;26,0
10952;7,966;22,0;22,0;26,0
10954;7,967;22,0;22,0;26,0
10955;7,967;22,0;22,0;26,0
10956;7,968;22,0;22,0;26,0
10957;7,968;22,0;22,0;26,0
10962;7,971;22,0;22,0;26,0
10965;7,972;22,0;22,0;26,0
10966;7,973;22,0;22,0;26,0
10974;7,976;22,0;22,0;26,0
10975;7,976;22,0;22,0;26,0
10976;7,977;22,0;22,0;26,0
10978;7,978;22,0;22,0;26,0
10981;7,98;22,0;22,0;26,0
10986;7,982;22,0;22,0;26,0
10987;7,983;22,0;22,0;26,0
10988;7,984;22,0;22,0;26,0
10989;7,984;22,0;22,0;26,0
10991;7,985;22,0;22,0;26,0
10993;7,986;22,0;22,0;26,0
10994;7,986;22,0;22,0;26,0
10996;7,987;22,0;22,0;26,0
10997;7,988;22,0;22,0;26,0
11000;7,989;22,0;22,0;26,0
11002;7,99;22,0;22,0;26,0
11005;7,991;22,0;22,0;26,0
11006;7,992;22,0;22,0;26,0
11007;8,065;22,0;22,0;26,0
11008;8,065;22,0;22,0;26,0
11009;8,066;22,0;22,0;26,0
11010;8,067;22,0;22,0;26,0
11011;8,067;22,0;22,0;26,0
11012;8,068;22,0;22,0;26,0
11013;8,069;22,0;22,0;26,0
11017;8,07;22,0;22,0;26,0
11019;8,072;22,0;22,0;26,0
11020;8,073;22,0;22,0;26,0
11023;8,074;22,0;22,0;26,0
11024;8,074;22,0;22,0;26,0
11026;8,076;22,0;22,0;26,0
11027;8,077;22,0;22,0;26,0
11028;8,077;22,0;22,0;26,0
11029;8,078;22,0;22,0;26,0
11031;8,079;22,0;22,0;26,0
11032;8,08;22,0;22,0;26,0
11033;8,08;22,0;22,0;26,0
11036;8,081;22,0;22,0;26,0
11037;8,082;22,0;22,0;26,0
11038;8,082;22,0;22,0;26,0
11039;8,083;22,0;22,0;26,0
11043;8,086;22,0;22,0;26,0
11044;8,086;22,0;22,0;26,0
11045;8,087;22,0;22,0;26,0
11048;8,089;22,0;22,0;26,0
11051;8,163;21,0;22,0;22,0
11052;8,164;21,0;21,0;22,0
11054;8,165;21,0;21,0;22,0
11055;8,165;21,0;21,0;22,0
11056;8,165;21,0;21,0;22,0
11057;8,166;21,0;21,0;22,0
11058;8,167;21,0;21,0;22,0
11061;8,168;21,0;21,0;22,0
11062;8,169;21,0;21,0;22,0
11063;8,169;21,0;21,0;22,0
11066;8,266;21,0;21,0;22,0
11069;8,269;21,0;21,0;22,0
11071;8,269;21,0;21,0;22,0
11074;8,27;21,0;21,0;22,0
11075;8,271;21,0;21,0;22,0
11076;8,367;21,0;21,0;22,0
11077;8,368;21,0;21,0;22,0
11081;8,37;21,0;21,0;22,0
11082;8,371;21,0;21,0;22,0
11083;8,372;21,0;21,0;22,0
11085;8,372;21,0;21,0;22,0
11086;8,373;21,0;21,0;22,0
11087;8,373;21,0;21,0;22,0
11089;8,374;21,0;21,0;22,0
11090;8,375;21,0;21,0;22,0
11091;8,375;21,0;21,0;22,0
11092;8,375;21,0;21,0;22,0
11093;8,376;21,0;21,0;22,0
11094;8,376;21,0;21,0;22,0
11096;8,377;21,0;21,0;22,0
11097;8,378;21,0;21,0;22,0
11101;8,379;21,0;21,0;22,0
11102;8,379;21,0;21,0;22,0
11104;8,381;21,0;21,0;22,0
11106;8,382;21,0;21,0;22,0
11109;8,385;21,0;21,0;22,0
11110;8,385;21,0;21,0;22,0
11111;8,386;21,0;21,0;22,0
11112;8,387;21,0;21,0;22,0
11115;8,388;21,0;21,0;22,0
11116;8,389;21,0;21,0;22,0
11118;8,389;21,0;21,0;22,0
11120;8,39;21,0;21,0;22,0
11121;8,391;21,0;21,0;22,0
11122;8,392;21,0;21,0;22,0
11123;8,392;21,0;21,0;22,0
11125;8,393;21,0;21,0;22,0
11126;8,394;21,0;21,0;22,0
11128;8,395;21,0;21,0;22,0
11129;8,395;21,0;21,0;22,0
11132;8,397;21,0;21,0;22,0
11133;8,398;21,0;21,0;22,0
11134;8,399;21,0;21,0;22,0
11137;8,4;21,0;21,0;22,0
11142;8,402;21,0;21,0;22,0
11146;8,404;21,0;21,0;22,0
11147;8,405;21,0;21,0;22,0
11148;8,405;21,0;21,0;22,0
11149;8,406;21,0;21,0;22,0
11153;8,408;21,0;21,0;22,0
11154;8,408;21,0;21,0;22,0
11156;8,409;21,0;21,0;22,0
11157;8,41;21,0;21,0;22,0
11161;8,412;21,0;21,0;22,0
11167;8,416;21,0;21,0;22,0
11168;8,416;21,0;21,0;22,0
11171;8,417;21,0;21,0;22,0
11172;8,418;21,0;21,0;22,0
11173;8,418;21,0;21,0;22,0
11174;8,418;21,0;21,0;22,0
11176;8,514;21,0;21,0;22,0
11178;8,515;21,0;21,0;22,0
11179;8,516;21,0;21,0;22,0
11182;8,518;21,0;21,0;22,0
11184;8,519;21,0;21,0;22,0
11186;8,52;21,0;21,0;22,0
11188;8,614;21,0;21,0;22,0
11189;8,615;21,0;21,0;22,0
11192;8,617;21,0;21,0;22,0
11194;8,618;21,0;21,0;22,0
11197;8,619;21,0;21,0;22,0
11203;8,621;21,0;21,0;22,0
11204;8,622;21,0;21,0;22,0
11206;8,622;21,0;21,0;22,0
11207;8,623;21,0;21,0;22,0
11211;8,625;21,0;21,0;22,0
11213;8,626;21,0;21,0;22,0
11216;8,627;21,0;21,0;22,0
11217;8,628;21,0;21,0;22,0
11218;8,628;21,0;21,0;22,0
11219;8,629;21,0;21,0;22,0
11220;8,629;21,0;21,0;22,0
11221;8,63;21,0;21,0;22,0
11222;8,631;21,0;21,0;22,0
11223;8,631;21,0;21,0;22,0
11224;8,632;21,0;21,0;22,0
11226;8,633;21,0;21,0;22,0
11227;8,633;21,0;21,0;22,0
11228;8,634;21,0;21,0;22,0
11229;8,635;21,0;21,0;22,0
11230;8,635;21,0;21,0;22,0
11235;8,637;21,0;21,0;22,0
11237;8,639;21,0;21,0;22,0
11238;8,64;21,0;21,0;22,0
11240;8,641;21,0;21,0;22,0
11248;8,644;21,0;21,0;22,0
11249;8,644;21,0;21,0;22,0
11250;8,645;21,0;21,0;22,0
11252;8,741;21,0;21,0;22,0
11255;8,742;21,0;21,0;22,0
11258;8,744;21,0;21,0;22,0
11261;8,745;21,0;21,0;22,0
11263;8,747;21,0;21,0;22,0
11264;8,747;21,0;21,0;22,0
11265;8,748;21,0;21,0;22,0
11266;8,749;21,0;21,0;22,0
11267;8,75;21,0;22,0;22,0
11268;8,751;21,0;22,0;22,0
11270;8,752;21,0;22,0;22,0
11275;8,753;21,0;22,0;22,0
11277;8,754;21,0;22,0;22,0
11278;8,755;21,0;22,0;22,0
11279;8,756;21,0;22,0;22,0
11280;8,855;21,0;22,0;22,0
11282;8,856;21,0;21,0;22,0
11284;8,857;21,0;21,0;22,0
11285;8,858;21,0;21,0;22,0
11286;8,858;21,0;21,0;22,0
11287;8,859;21,0;21,0;22,0
11292;8,861;21,0;21,0;22,0
11294;8,862;21,0;21,0;22,0
11297;8,863;21,0;21,0;22,0
11299;8,864;21,0;21,0;22,0
11302;8,865;21,0;21,0;22,0
11308;8,867;21,0;21,0;22,0
11310;8,868;21,0;21,0;22,0
11311;8,868;21,0;21,0;22,0
11312;8,869;21,0;21,0;22,0
11316;8,871;21,0;21,0;22,0
11319;8,872;21,0;21,0;22,0
11322;8,874;21,0;21,0;22,0
11323;8,874;21,0;21,0;22,0
11325;8,875;21,0;21,0;22,0
11326;8,876;21,0;21,0;22,0
11327;8,877;21,0;21,0;22,0
11328;8,878;21,0;21,0;22,0
11331;8,878;21,0;21,0;22,0
11332;8,879;21,0;21,0;22,0
11333;8,88;21,0;21,0;22,0
11336;8,882;21,0;21,0;22,0
11339;8,883;21,0;21,0;22,0
11343;8,884;21,0;21,0;22,0
11344;8,885;21,0;21,0;22,0
11345;8,886;21,0;21,0;22,0
11348;8,887;21,0;21,0;22,0
11350;8,888;21,0;21,0;22,0
11352;8,889;21,0;21,0;22,0
11354;8,89;21,0;21,0;22,0
11355;8,891;21,0;21,0;22,0
11357;8,892;21,0;21,0;22,0
11358;8,892;21,0;21,0;22,0
11360;8,893;21,0;21,0;22,0
11361;8,894;21,0;21,0;22,0
11362;8,894;21,0;21,0;22,0
11366;8,896;21,0;21,0;22,0
11367;8,897;21,0;21,0;22,0
11370;8,898;21,0;21,0;22,0
11371;8,898;21,0;21,0;22,0
11373;8,9;21,0;21,0;22,0
11378;8,902;21,0;21,0;22,0
11381;8,904;21,0;21,0;22,0
11383;8,905;21,0;21,0;22,0
11390;8,907;21,0;21,0;22,0
11391;8,908;21,0;21,0;22,0
11393;8,909;21,0;21,0;22,0
11394;8,91;21,0;21,0;22,0
11399;8,911;21,0;21,0;22,0
11400;8,912;21,0;21,0;22,0
11401;8,913;21,0;21,0;22,0
11403;8,914;21,0;21,0;22,0
11408;8,915;21,0;21,0;22,0
11410;8,916;21,0;21,0;22,0
11411;8,917;21,0;21,0;22,0
11413;8,918;21,0;21,0;22,0
11415;8,92;21,0;21,0;22,0
11417;8,921;21,0;21,0;22,0
11421;8,922;21,0;21,0;22,0
11422;8,923;21,0;21,0;22,0
11426;8,924;21,0;21,0;22,0
11428;8,925;21,0;21,0;22,0
11431;8,926;21,0;21,0;22,0
11433;8,927;21,0;21,0;22,0
11434;8,927;21,0;21,0;22,0
11436;8,928;21,0;21,0;22,0
11437;8,929;21,0;21,0;22,0
11439;8,929;21,0;21,0;22,0
11440;8,93;21,0;21,0;22,0
11442;8,931;21,0;21,0;22,0
11445;8,932;21,0;21,0;22,0
11446;8,933;21,0;21,0;22,0
11447;8,933;21,0;21,0;22,0
11450;8,934;21,0;21,0;22,0
11452;8,935;21,0;21,0;22,0
11454;8,936;21,0;21,0;22,0
11457;8,937;21,0;21,0;22,0
11458;8,938;21,0;21,0;22,0
11460;8,939;21,0;22,0;22,0
11461;8,94;21,0;22,0;22,0
11462;8,941;21,0;22,0;22,0
11464;8,941;21,0;22,0;22,0
11467;8,942;21,0;22,0;22,0
11468;8,943;21,0;22,0;22,0
11474;9,034;21,0;22,0;22,0
11478;9,035;21,0;21,0;22,0
11479;9,036;21,0;21,0;22,0
11483;9,037;21,0;21,0;22,0
11486;9,038;21,0;21,0;22,0
11487;9,039;21,0;21,0;22,0
11490;9,039;21,0;21,0;22,0
11493;9,041;21,0;21,0;22,0
11496;9,042;21,0;21,0;22,0
11500;9,043;21,0;21,0;22,0
11501;9,044;21,0;21,0;22,0
11502;9,045;21,0;21,0;22,0
11503;9,045;21,0;21,0;22,0
11504;9,046;21,0;21,0;22,0
11508;9,047;21,0;21,0;22,0
11512;9,048;21,0;21,0;22,0
11516;9,051;21,0;21,0;22,0
11517;9,052;21,0;21,0;22,0
11518;9,143;21,0;21,0;22,0
11520;9,144;21,0;21,0;22,0
11521;9,145;21,0;21,0;22,0
11525;9,146;21,0;21,0;22,0
11526;9,147;21,0;21,0;22,0
11527;9,148;21,0;21,0;22,0
11528;9,148;21,0;21,0;22,0
11529;9,148;21,0;21,0;22,0
11530;9,149;21,0;21,0;22,0
11531;9,15;21,0;21,0;22,0
11532;9,15;21,0;21,0;22,0
11533;9,151;21,0;21,0;22,0
11535;9,152;21,0;21,0;22,0
11536;9,153;21,0;21,0;22,0
11538;9,155;21,0;21,0;22,0
11539;9,155;21,0;21,0;22,0
11540;9,156;21,0;21,0;22,0
11542;9,157;21,0;21,0;22,0
11544;9,158;21,0;21,0;22,0
11550;9,16;21,0;21,0;22,0
11551;9,161;21,0;21,0;22,0
11552;9,161;21,0;21,0;22,0
11557;9,163;21,0;21,0;22,0
11560;9,165;21,0;21,0;22,0
11563;9,166;21,0;21,0;22,0
11565;9,167;21,0;21,0;22,0
11566;9,168;21,0;21,0;22,0
11569;9,169;21,0;21,0;22,0
11570;9,169;21,0;21,0;22,0
11572;9,17;21,0;21,0;22,0
11574;9,171;21,0;21,0;22,0
11575;9,172;21,0;21,0;22,0
11577;9,173;21,0;21,0;22,0
11579;9,173;21,0;21,0;22,0
11581;9,174;21,0;21,0;22,0
11585;9,178;21,0;21,0;22,0
11586;9,178;21,0;21,0;22,0
11588;9,179;21,0;21,0;22,0
11589;9,18;21,0;21,0;22,0
11590;9,18;21,0;21,0;22,0
11594;9,181;21,0;21,0;22,0
11595;9,182;21,0;21,0;22,0
11597;9,182;21,0;21,0;22,0
11599;9,183;21,0;21,0;22,0
11603;9,184;21,0;21,0;22,0
11605;9,185;21,0;21,0;22,0
11606;9,186;21,0;21,0;22,0
11608;9,187;21,0;21,0;22,0
11611;9,279;21,0;21,0;22,0
11612;9,279;21,0;21,0;22,0
11614;9,28;21,0;21,0;22,0
11617;9,282;21,0;21,0;22,0
11618;9,282;21,0;21,0;22,0
11619;9,283;21,0;21,0;22,0
11622;9,285;21,0;21,0;22,0
11626;9,288;21,0;21,0;22,0
11628;9,289;21,0;21,0;22,0
11629;9,289;21,0;21,0;22,0
11634;9,292;21,0;21,0;22,0
11635;9,293;21,0;21,0;22,0
11636;9,293;21,0;21,0;22,0
11639;9,294;21,0;21,0;22,0
11640;9,295;21,0;21,0;22,0
11641;9,296;21,0;21,0;22,0
11643;9,297;21,0;21,0;22,0
11644;9,297;21,0;21,0;22,0
11647;9,299;21,0;21,0;22,0
11651;9,3;21,0;21,0;22,0
11652;9,3;21,0;22,0;22,0
11654;9,301;21,0;21,0;22,0
11656;9,301;21,0;21,0;22,0
11657;9,302;21,0;21,0;22,0
11659;9,303;21,0;21,0;22,0
11661;9,304;21,0;21,0;22,0
11666;9,305;21,0;21,0;22,0
11668;9,397;21,0;21,0;22,0
11669;9,397;21,0;21,0;22,0
11670;9,398;21,0;21,0;22,0
11671;9,399;21,0;21,0;22,0
11673;9,4;21,0;21,0;22,0
11678;9,401;21,0;21,0;22,0
11681;9,402;21,0;21,0;22,0
11682;9,403;21,0;21,0;22,0
11687;9,405;21,0;21,0;22,0
11688;9,405;21,0;21,0;22,0
11691;9,406;21,0;21,0;22,0
11693;9,407;21,0;21,0;22,0
11695;9,409;21,0;21,0;22,0
11697;9,41;21,0;21,0;22,0
11698;9,411;21,0;21,0;22,0
11699;9,411;21,0;21,0;22,0
11700;9,412;21,0;21,0;22,0
11701;9,413;21,0;21,0;22,0
11702;9,413;21,0;21,0;22,0
11704;9,414;21,0;21,0;22,0
11705;9,415;21,0;21,0;22,0
11706;9,415;21,0;21,0;22,0
11708;9,416;21,0;21,0;22,0
11711;9,419;21,0;21,0;22,0
11712;9,419;21,0;21,0;22,0
11714;9,42;21,0;21,0;22,0
11716;9,42;21,0;21,0;22,0
11719;9,422;21,0;21,0;22,0
11720;9,423;21,0;21,0;22,0
11722;9,424;21,0;21,0;22,0
11724;9,425;21,0;21,0;22,0
11726;9,426;21,0;21,0;22,0
11727;9,426;21,0;21,0;22,0
11728;9,427;21,0;21,0;22,0
11732;9,428;21,0;21,0;22,0
11736;9,429;21,0;21,0;22,0
11737;9,43;21,0;21,0;22,0
11738;9,43;21,0;21,0;22,0
11739;9,43;21,0;21,0;22,0
11741;9,431;21,0;21,0;22,0
11743;9,432;21,0;21,0;22,0
11744;9,433;21,0;21,0;22,0
11745;9,434;21,0;21,0;22,0
11746;9,434;21,0;21,0;22,0
11747;9,435;21,0;21,0;22,0
11748;9,435;21,0;21,0;22,0
11749;9,435;21,0;21,0;22,0
11750;9,436;21,0;21,0;22,0
11751;9,437;21,0;21,0;22,0
11753;9,437;21,0;21,0;22,0
11756;9,439;21,0;21,0;22,0
11757;9,44;21,0;21,0;22,0
11759;9,441;21,0;21,0;22,0
11762;9,442;21,0;21,0;22,0
11765;9,444;21,0;21,0;22,0
11767;9,445;21,0;21,0;22,0
11769;9,538;21,0;21,0;22,0
11770;9,539;21,0;21,0;22,0
11771;9,54;21,0;21,0;22,0
11772;9,633;21,0;21,0;22,0
11774;9,635;21,0;21,0;22,0
11777;9,746;21,0;21,0;22,0
11778;9,746;21,0;21,0;22,0
11782;9,748;21,0;21,0;22,0
11784;9,752;21,0;21,0;22,0
11785;9,845;21,0;21,0;22,0
11786;9,846;21,0;21,0;22,0
11787;9,846;21,0;21,0;22,0
11789;9,846;21,0;21,0;22,0
11793;9,847;21,0;21,0;22,0
11797;9,849;21,0;21,0;22,0
11798;9,849;21,0;21,0;22,0
11799;9,85;21,0;21,0;22,0
11802;9,851;21,0;21,0;22,0
11804;9,853;21,0;21,0;22,0
11805;9,854;21,0;21,0;22,0
11806;9,854;21,0;21,0;22,0
11808;9,854;21,0;21,0;22,0
11809;9,856;21,0;21,0;22,0
11810;9,856;21,0;21,0;22,0
11811;9,857;21,0;21,0;22,0
11813;9,858;21,0;21,0;22,0
11814;9,858;21,0;21,0;22,0
11815;9,859;21,0;21,0;22,0
11816;9,859;21,0;21,0;22,0
11817;9,86;21,0;21,0;22,0
11819;9,861;21,0;21,0;22,0
11823;9,863;21,0;21,0;22,0
11825;9,864;21,0;21,0;22,0
11826;9,865;21,0;21,0;22,0
11827;9,866;21,0;21,0;22,0
11828;9,866;21,0;21,0;22,0
11830;9,867;21,0;21,0;22,0
11835;9,868;21,0;21,0;22,0
11836;9,87;21,0;21,0;22,0
11837;9,87;21,0;21,0;22,0
11841;9,872;21,0;21,0;22,0
11842;9,873;21,0;21,0;22,0
11844;9,874;21,0;21,0;22,0
11845;9,875;21,0;21,0;22,0
11846;9,876;21,0;21,0;22,0
11847;9,876;21,0;21,0;22,0
11848;9,878;21,0;21,0;22,0
11851;9,878;21,0;21,0;22,0
11852;9,879;21,0;21,0;22,0
11853;9,88;21,0;21,0;22,0
11855;9,88;21,0;21,0;22,0
11856;9,881;21,0;21,0;22,0
11857;9,882;21,0;21,0;22,0
11858;9,884;21,0;22,0;22,0
11859;9,884;21,0;22,0;22,0
11860;9,885;21,0;22,0;22,0
11861;9,886;21,0;22,0;22,0
11862;9,887;21,0;22,0;22,0
11864;9,889;21,0;22,0;22,0
11865;9,889;21,0;22,0;22,0
11866;9,89;21,0;22,0;22,0
11868;9,891;21,0;22,0;22,0
11869;9,892;21,0;22,0;22,0
11870;9,893;21,0;22,0;22,0
11872;9,894;21,0;22,0;22,0
11873;9,894;21,0;22,0;22,0
11874;9,895;21,0;22,0;22,0
11876;9,896;21,0;22,0;22,0
11878;9,897;21,0;22,0;22,0
11879;9,898;21,0;22,0;22,0
11880;9,898;21,0;22,0;22,0
11881;9,899;21,0;22,0;22,0
11882;9,9;21,0;22,0;22,0
11886;9,903;21,0;22,0;22,0
11888;9,904;21,0;22,0;22,0
11890;9,906;21,0;22,0;22,0
11891;9,906;21,0;22,0;22,0
11892;9,907;21,0;22,0;22,0
11893;9,908;21,0;22,0;22,0
11894;9,908;21,0;22,0;22,0
11895;9,909;21,0;22,0;22,0
11896;9,91;21,0;22,0;22,0
11898;9,91;21,0;22,0;22,0
11902;9,913;21,0;22,0;22,0
11904;9,914;21,0;22,0;22,0
11906;9,915;21,0;22,0;22,0
11908;9,915;21,0;22,0;22,0
11909;9,916;21,0;22,0;22,0
11910;9,917;21,0;22,0;22,0
11913;9,918;21,0;22,0;22,0
11914;9,919;21,0;22,0;22,0
11915;9,919;21,0;22,0;22,0
11917;9,921;21,0;22,0;22,0
11919;9,921;21,0;22,0;22,0
11920;9,922;21,0;21,0;22,0
11922;9,922;21,0;21,0;22,0
11923;9,923;21,0;21,0;22,0
11924;9,924;21,0;21,0;22,0
11925;9,925;21,0;21,0;22,0
11927;9,927;21,0;21,0;22,0
11930;9,928;21,0;21,0;22,0
11932;9,929;21,0;21,0;22,0
11933;9,93;21,0;21,0;22,0
11934;9,93;21,0;21,0;22,0
11935;9,931;21,0;21,0;22,0
11936;9,932;21,0;21,0;22,0
11938;9,933;21,0;21,0;22,0
11939;9,933;21,0;21,0;22,0
11940;9,934;21,0;21,0;22,0
11942;9,936;21,0;21,0;22,0
11943;9,936;21,0;21,0;22,0
11944;9,937;21,0;21,0;22,0
11945;9,938;21,0;21,0;22,0
11946;9,938;21,0;21,0;22,0
11948;9,938;21,0;21,0;22,0
11949;9,939;21,0;21,0;22,0
11950;9,94;21,0;21,0;22,0
11951;9,94;21,0;21,0;22,0
11952;9,941;21,0;21,0;22,0
11953;9,941;21,0;21,0;22,0
11954;9,942;21,0;21,0;22,0
11955;9,942;21,0;21,0;22,0
11956;9,943;21,0;21,0;22,0
11958;9,945;21,0;21,0;22,0
11959;9,946;21,0;21,0;22,0
11960;9,947;21,0;21,0;22,0
11961;9,948;21,0;21,0;22,0
11963;9,949;21,0;21,0;22,0
11964;9,949;21,0;21,0;22,0
11965;9,951;21,0;21,0;22,0
11966;9,951;21,0;21,0;22,0
11968;9,951;21,0;21,0;22,0
11970;9,952;21,0;21,0;22,0
11971;9,953;21,0;21,0;22,0
11972;9,954;21,0;21,0;22,0
11973;9,954;21,0;21,0;22,0
11974;9,955;21,0;21,0;22,0
11975;9,955;21,0;21,0;22,0
11979;9,957;21,0;21,0;22,0
11980;9,958;21,0;21,0;22,0
11982;9,958;21,0;21,0;22,0
11984;9,959;21,0;21,0;22,0
11985;9,96;21,0;21,0;22,0
11986;9,96;21,0;21,0;22,0
11987;9,961;21,0;21,0;22,0
11989;9,962;21,0;21,0;22,0
11990;9,963;21,0;21,0;22,0
11992;9,964;21,0;21,0;22,0
11993;9,964;21,0;21,0;22,0
11995;9,965;21,0;21,0;22,0
11997;9,966;21,0;21,0;22,0
11998;9,968;21,0;21,0;22,0
11999;9,968;21,0;21,0;22,0
12000;9,969;21,0;21,0;22,0
12002;9,969;21,0;21,0;23,0
12007;9,971;21,0;21,0;23,0
12008;9,971;21,0;21,0;23,0
12009;9,972;21,0;21,0;23,0
12010;9,973;21,0;21,0;23,0
12011;9,974;21,0;21,0;23,0
12015;9,976;21,0;21,0;23,0
12016;9,977;21,0;21,0;23,0
12019;9,978;21,0;21,0;23,0
12020;9,978;21,0;21,0;23,0
12021;9,979;21,0;21,0;23,0
12022;9,98;21,0;21,0;23,0
12025;9,981;21,0;21,0;23,0
12028;9,982;21,0;21,0;23,0
12029;9,983;21,0;21,0;23,0
12030;9,984;21,0;21,0;23,0
12031;9,984;21,0;21,0;23,0
12032;9,985;21,0;21,0;23,0
12033;9,986;21,0;21,0;23,0
12035;9,987;21,0;21,0;23,0
12041;9,989;21,0;21,0;23,0
12042;9,989;21,0;21,0;23,0
12044;9,99;21,0;21,0;23,0
12045;9,991;21,0;21,0;23,0
12047;9,992;21,0;21,0;23,0
12050;9,994;21,0;21,0;23,0
12051;9,995;21,0;21,0;23,0
12052;9,995;21,0;21,0;23,0
12053;9,996;21,0;21,0;23,0
12054;9,997;21,0;21,0;23,0
12057;9,998;21,0;21,0;23,0
12058;9,998;21,0;21,0;23,0
12060;9,999;21,0;21,0;23,0
12061;10,0;21,0;21,0;23,0
12063;10,001;21,0;21,0;23,0
12064;10,001;21,0;21,0;23,0
12067;10,003;21,0;21,0;23,0
12068;10,003;21,0;21,0;23,0
12069;10,004;21,0;21,0;23,0
12071;10,005;21,0;21,0;23,0
12072;10,005;21,0;21,0;23,0
12074;10,006;21,0;21,0;23,0
12076;10,007;21,0;21,0;23,0
12077;10,008;21,0;21,0;23,0
12080;10,009;21,0;21,0;23,0
12082;10,009;21,0;21,0;23,0
12085;10,012;21,0;21,0;23,0
12087;10,013;21,0;21,0;23,0
12089;10,014;21,0;21,0;23,0
12091;10,015;21,0;21,0;23,0
12092;10,016;21,0;21,0;23,0
12093;10,017;21,0;21,0;23,0
12094;10,018;21,0;21,0;23,0
12095;10,019;21,0;21,0;23,0
12097;10,02;21,0;21,0;23,0
